filename,irregularity_score
PAT_1546_1872_824_mask.png,1.1303292333097654
PAT_851_4520_743_mask.png,1.9923509533116581
PAT_1184_676_904_mask.png,1.2229829359829065
PAT_286_1458_381_mask.png,1.9071244941265362
PAT_355_732_625_mask.png,1.7555739826102557
PAT_1746_3284_798_mask.png,3.0482136758363763
PAT_2034_4266_880_mask.png,1.494164584760298
PAT_860_1641_440_mask.png,1.320017303629483
PAT_313_669_935_mask.png,1.7521403043270372
PAT_53_82_657_mask.png,1.1940083501691015
PAT_2051_4356_460_mask.png,1.6502950648024268
PAT_1760_3326_525_mask.png,1.3201600606744446
PAT_690_1309_981_mask.png,1.1371679176014737
PAT_474_912_879_mask.png,1.1652667597875042
PAT_1586_2623_989_mask.png,1.2604589638508232
PAT_730_1385_585_mask.png,1.118974213915374
PAT_120_183_623_mask.png,1.2119185583055803
PAT_224_343_782_mask.png,1.1250574008699237
PAT_242_368_261_mask.png,1.144129500062963
PAT_689_1307_354_mask.png,5.7394566945843986
PAT_1918_3836_82_mask.png,1.4404628574962868
PAT_1247_852_178_mask.png,1.18518758473135
PAT_1881_3717_785_mask.png,1.1144112937295008
PAT_1934_3890_306_mask.png,1.3190503107091107
PAT_55_85_884_mask.png,1.3019136002691423
PAT_2108_4596_837_mask.png,1.5742254202152972
PAT_876_1665_569_mask.png,1.2709730769108594
PAT_738_1397_966_mask.png,1.1266529485535672
PAT_1469_1627_109_mask.png,1.4407211266267124
PAT_242_369_930_mask.png,1.1645659197533125
PAT_1818_3568_132_mask.png,1.4680543734834364
PAT_349_724_750_mask.png,1.27224881041595
PAT_1261_896_349_mask.png,1.8183474050937043
PAT_645_1223_124_mask.png,1.4189400957004745
PAT_1946_3924_627_mask.png,1.4839680108865876
PAT_135_202_105_mask.png,2.0756431935311364
PAT_464_1794_78_mask.png,1.3387484197809796
PAT_845_1604_313_mask.png,1.411290777100608
PAT_894_1679_640_mask.png,1.260771559458136
PAT_1393_1355_316_mask.png,1.194728389740513
PAT_493_1862_360_mask.png,1.1856489750423158
PAT_223_341_187_mask.png,1.2416679741638146
PAT_1767_3340_959_mask.png,1.4084076050746739
PAT_439_859_283_mask.png,1.689340598376838
PAT_1364_1246_447_mask.png,1.2575785268596738
PAT_2089_4529_762_mask.png,1.2665577558369352
PAT_57_90_910_mask.png,1.5134358744178864
PAT_731_51_634_mask.png,1.18131827593023
PAT_1349_1229_828_mask.png,1.1864527078572917
PAT_528_993_589_mask.png,1.3300161112367381
PAT_1403_1392_407_mask.png,1.378843907896341
PAT_585_1130_552_mask.png,1.2276944510964871
PAT_276_425_539_mask.png,1.175977114529339
PAT_311_667_416_mask.png,1.3974086376523265
PAT_1221_766_430_mask.png,1.6246666895943582
PAT_786_62_914_mask.png,1.244567719217367
PAT_1787_3421_516_mask.png,6.613857725503567
PAT_383_779_429_mask.png,1.3756430096211847
PAT_756_1496_599_mask.png,1.235310493217245
PAT_719_1361_160_mask.png,1.3106894155109636
PAT_691_1311_2_mask.png,1.1811662621612682
PAT_539_1023_878_mask.png,1.4290643139716925
PAT_397_797_742_mask.png,1.3061206408195511
PAT_1661_2956_357_mask.png,1.660769576266548
PAT_168_260_654_mask.png,1.1557196416099058
PAT_738_1397_195_mask.png,1.4851046219396118
PAT_593_1127_823_mask.png,1.3537099667205417
PAT_1514_1760_35_mask.png,1.2517995033091032
PAT_1184_676_303_mask.png,1.2440997038356383
PAT_326_690_797_mask.png,1.1662165969897025
PAT_572_1086_130_mask.png,1.909008670967354
PAT_924_1757_784_mask.png,1.459184703523183
PAT_1324_1146_143_mask.png,1.143841367848077
PAT_315_673_227_mask.png,1.23490315047766
PAT_1153_555_98_mask.png,1.1827893275984684
PAT_252_383_31_mask.png,1.3437167533469672
PAT_995_1867_5_mask.png,2.1049378287800926
PAT_216_331_678_mask.png,2.2650703455946024
PAT_1755_3309_828_mask.png,1.3129629356335613
PAT_510_959_174_mask.png,1.2837585939015628
PAT_1505_1733_128_mask.png,1.2027130274416535
PAT_2081_4488_57_mask.png,1.7132246165214178
PAT_1534_1810_719_mask.png,1.1469556858404142
PAT_377_768_643_mask.png,7.707557885340481
PAT_575_1087_29_mask.png,1.5309864127257369
PAT_330_1437_506_mask.png,2.039595915835114
PAT_409_812_974_mask.png,1.1338846322922937
PAT_1090_376_384_mask.png,1.2708155732000177
PAT_1881_3713_718_mask.png,1.3000596506579452
PAT_54_83_405_mask.png,5.691632978788701
PAT_951_1836_991_mask.png,1.1534844582671369
PAT_873_1661_178_mask.png,1.2776851366218926
PAT_381_775_566_mask.png,1.13707276274193
PAT_443_864_894_mask.png,1.1661017375973908
PAT_242_369_337_mask.png,1.21714107935187
PAT_880_1673_410_mask.png,1.2786336903057731
PAT_267_411_513_mask.png,1.6910812254050793
PAT_342_716_845_mask.png,1.6686151974576051
PAT_281_432_813_mask.png,1.3225769760436457
PAT_857_1627_310_mask.png,1.1532312736408734
PAT_1365_1253_912_mask.png,1.2138122275203578
PAT_626_1186_898_mask.png,1.2190188294621986
PAT_747_1410_179_mask.png,1.2449089981554453
PAT_15_3138_959_mask.png,1.7289936396745105
PAT_561_1068_909_mask.png,1.2946268991716685
PAT_1572_2495_335_mask.png,1.380504263030428
PAT_1138_520_154_mask.png,1.5011864969213955
PAT_2103_4581_72_mask.png,2.9737912468450087
PAT_1065_278_954_mask.png,1.1891563338003746
PAT_375_763_732_mask.png,1.288365822410613
PAT_295_639_240_mask.png,1.154414889453458
PAT_328_692_681_mask.png,1.1369745168823866
PAT_1418_1448_307_mask.png,1.560772828507477
PAT_425_841_644_mask.png,1.1604398019596658
PAT_181_280_417_mask.png,1.590752263551109
PAT_780_1473_791_mask.png,1.3051785995948666
PAT_1708_3153_799_mask.png,1.3003745182751443
PAT_29_40_561_mask.png,1.2352444444470583
PAT_53_1370_245_mask.png,1.4969108248719776
PAT_523_988_851_mask.png,1.2609406341939733
PAT_1494_1707_125_mask.png,2.503025437274612
PAT_522_986_305_mask.png,1.185221395207964
PAT_878_1663_7_mask.png,6.649735598243893
PAT_1296_1038_1_mask.png,1.664682094438012
PAT_307_1685_651_mask.png,5.462224422976417
PAT_1034_161_203_mask.png,1.3972131437816804
PAT_180_10_831_mask.png,1.3340064635221083
PAT_153_233_45_mask.png,1.2600979694979775
PAT_100_393_898_mask.png,1.4881790371868329
PAT_411_815_692_mask.png,1.3394804698133345
PAT_211_318_942_mask.png,1.4571725508497224
PAT_386_1554_362_mask.png,2.9578880192634305
PAT_893_77_613_mask.png,1.19651692562447
PAT_2151_4779_515_mask.png,1.2578831461060407
PAT_692_1308_364_mask.png,1.7990335523994059
PAT_177_274_865_mask.png,1.286405718249687
PAT_796_1510_130_mask.png,1.7876902711098122
PAT_1814_3564_609_mask.png,1.2320984709040108
PAT_775_1463_616_mask.png,6.4041212131767455
PAT_976_1837_503_mask.png,1.650948048629988
PAT_89_135_11_mask.png,1.2229423985776395
PAT_1280_972_727_mask.png,2.1734911310545098
PAT_1777_3370_697_mask.png,1.2760401761206204
PAT_705_1326_82_mask.png,1.1345569581432515
PAT_2142_4733_13_mask.png,1.519653969089337
PAT_1229_794_274_mask.png,1.496871486384039
PAT_475_913_874_mask.png,1.2725905713805339
PAT_902_1718_852_mask.png,1.4542188177628474
PAT_224_1340_142_mask.png,1.4019995081729975
PAT_320_681_410_mask.png,1.162210550864236
PAT_1638_2878_536_mask.png,1.8861857497215209
PAT_419_2768_910_mask.png,1.2030169442034637
PAT_753_1427_658_mask.png,1.4362587255789057
PAT_1906_3798_588_mask.png,1.2431008424959924
PAT_531_1004_189_mask.png,1.217930628511431
PAT_522_986_800_mask.png,1.1663245860734726
PAT_478_1829_141_mask.png,1.7271658957032479
PAT_300_1478_445_mask.png,1.2321126373695954
PAT_600_1141_542_mask.png,1.1539121966547334
PAT_1784_3416_507_mask.png,1.145059527116535
PAT_1288_1003_969_mask.png,1.2064827859261817
PAT_119_181_684_mask.png,2.274074038372996
PAT_779_1472_741_mask.png,1.1395832667537547
PAT_730_1383_535_mask.png,1.2099523383244626
PAT_1269_936_965_mask.png,1.2109673346217504
PAT_1197_713_520_mask.png,1.6227404212748362
PAT_917_1735_936_mask.png,1.7158707923805885
PAT_233_354_828_mask.png,1.464430780358836
PAT_890_1693_904_mask.png,1.6551120934301455
PAT_362_744_283_mask.png,1.2470199268955422
PAT_166_257_586_mask.png,1.1720488869812382
PAT_492_937_958_mask.png,1.270352464689048
PAT_359_1596_68_mask.png,1.1836967946743366
PAT_1453_1565_529_mask.png,1.1598252520572712
PAT_680_1289_585_mask.png,1.5218531119653753
PAT_270_1386_755_mask.png,1.3636619413475606
PAT_437_857_425_mask.png,1.1877785484641494
PAT_441_2868_663_mask.png,1.2149762893419336
PAT_971_1847_99_mask.png,1.3938410665255485
PAT_1846_3622_35_mask.png,1.1768255584308676
PAT_341_715_180_mask.png,1.19582531033519
PAT_202_19_612_mask.png,1.662116894137706
PAT_323_687_169_mask.png,2.412761034700006
PAT_150_1799_644_mask.png,1.8863670866070523
PAT_904_1739_546_mask.png,1.3239903836223184
PAT_279_430_356_mask.png,1.1944631301837367
PAT_562_1110_360_mask.png,5.176627971022835
PAT_325_1506_999_mask.png,1.4949640595290796
PAT_10_18_830_mask.png,1.4102563203969585
PAT_2129_4680_110_mask.png,1.4146817345701093
PAT_494_939_518_mask.png,1.2233733608410995
PAT_638_3680_891_mask.png,1.5376453715524863
PAT_388_4500_103_mask.png,6.278023105552243
PAT_275_9_966_mask.png,1.3034999323059375
PAT_441_861_542_mask.png,1.4804617948510954
PAT_368_2427_803_mask.png,1.8482588906854807
PAT_1955_3947_778_mask.png,1.9909123784027754
PAT_32_44_211_mask.png,1.1933054364798987
PAT_67_104_730_mask.png,1.2345677537980329
PAT_1305_1082_88_mask.png,1.199842923267915
PAT_2105_4587_204_mask.png,3.6096028324606784
PAT_333_1468_620_mask.png,1.2647106620295585
PAT_42_58_13_mask.png,1.1535053233885435
PAT_330_1438_323_mask.png,1.9389692840563357
PAT_1721_3219_130_mask.png,1.6161167107486474
PAT_1374_1284_208_mask.png,1.526496172353428
PAT_1109_437_254_mask.png,1.238252632130219
PAT_639_1208_986_mask.png,2.1142589366588145
PAT_1584_2610_223_mask.png,1.2189993817763556
PAT_966_1826_587_mask.png,1.351085167214698
PAT_637_1434_684_mask.png,1.170553112078634
PAT_1568_2454_468_mask.png,1.3113835774495046
PAT_2140_4726_141_mask.png,1.4690109080507545
PAT_1411_1414_355_mask.png,1.1831673253777033
PAT_827_1599_248_mask.png,1.1732545296343575
PAT_1956_3949_217_mask.png,1.384850086368939
PAT_90_3_648_mask.png,1.3170666059816947
PAT_442_863_795_mask.png,1.1718343761068066
PAT_681_1299_458_mask.png,1.2005611588011977
PAT_108_161_878_mask.png,1.356216552255023
PAT_827_1598_85_mask.png,1.4835724914653154
PAT_633_1199_218_mask.png,1.2157899843956537
PAT_940_1774_962_mask.png,1.8269733328790676
PAT_724_1369_896_mask.png,1.3100357498158097
PAT_749_1414_770_mask.png,1.2122699959389
PAT_166_3672_759_mask.png,1.4162538932614883
PAT_1274_954_677_mask.png,1.5635455944733658
PAT_1404_1393_540_mask.png,1.1705951369944378
PAT_553_1049_461_mask.png,3.2153859417776856
PAT_214_329_300_mask.png,1.7514501711034671
PAT_1582_2574_905_mask.png,1.2836562398287916
PAT_183_283_495_mask.png,1.3439033518208732
PAT_154_237_625_mask.png,2.0359568111269852
PAT_896_1705_582_mask.png,1.7254182836403555
PAT_650_3858_329_mask.png,1.129886694707718
PAT_778_1471_835_mask.png,1.2024442838068075
PAT_952_1807_58_mask.png,1.1297835203587256
PAT_839_1591_204_mask.png,1.2441270619771707
PAT_2016_4156_941_mask.png,1.5262014873419059
PAT_1566_2435_150_mask.png,1.3316579999107652
PAT_1805_3477_772_mask.png,1.334420985921441
PAT_557_1058_309_mask.png,1.1455996869943046
PAT_673_3928_888_mask.png,1.6752760760845995
PAT_1881_3711_217_mask.png,1.3847173136827187
PAT_1298_1051_831_mask.png,1.142213688325066
PAT_721_1365_142_mask.png,1.21218057726252
PAT_690_1309_217_mask.png,1.2034078643183275
PAT_823_1558_67_mask.png,3.957761092816078
PAT_197_301_449_mask.png,1.1957673545726373
PAT_768_1450_402_mask.png,1.5234308177913758
PAT_632_3700_890_mask.png,1.1711314931027692
PAT_464_899_646_mask.png,1.47700481609524
PAT_237_362_909_mask.png,1.2835707161748036
PAT_460_894_242_mask.png,1.2095780793281377
PAT_128_194_144_mask.png,1.206014626455659
PAT_192_295_164_mask.png,1.1221083548617936
PAT_2036_4280_90_mask.png,2.6827431533197656
PAT_160_248_254_mask.png,1.4032166362042708
PAT_462_896_893_mask.png,1.448283454735018
PAT_974_1841_693_mask.png,1.2079264534720355
PAT_2025_4229_541_mask.png,2.326251038607656
PAT_300_648_84_mask.png,1.1792425407627796
PAT_713_1336_159_mask.png,1.2531208132622986
PAT_1520_1777_935_mask.png,5.727850639239516
PAT_953_1806_845_mask.png,1.3185610536178376
PAT_591_1126_21_mask.png,1.379176128439768
PAT_67_104_695_mask.png,1.2716657881740978
PAT_691_3994_791_mask.png,2.0089792739093393
PAT_2092_4537_438_mask.png,1.2328125035669268
PAT_492_1784_50_mask.png,1.6879155094575833
PAT_256_394_449_mask.png,9.034232437991108
PAT_1989_4061_934_mask.png,1.2819066187872499
PAT_63_1075_498_mask.png,1.2775938711712231
PAT_736_1392_562_mask.png,6.022049174766473
PAT_265_39_303_mask.png,1.6192080971831093
PAT_987_1859_724_mask.png,1.358196216190875
PAT_545_1031_428_mask.png,1.398690715086776
PAT_920_1747_19_mask.png,1.1557615302404116
PAT_101_1041_651_mask.png,1.2256090187285817
PAT_1563_2425_443_mask.png,6.153060632177527
PAT_1583_2607_628_mask.png,1.4194150772999783
PAT_2021_4180_381_mask.png,2.261106463553566
PAT_847_1610_165_mask.png,1.3971998224419593
PAT_255_388_77_mask.png,1.344440311932849
PAT_2127_4662_596_mask.png,1.326027942003653
PAT_328_1738_890_mask.png,1.2398909905996374
PAT_1443_1536_166_mask.png,1.2785854773779854
PAT_770_1451_136_mask.png,1.9858288358727645
PAT_2020_4174_799_mask.png,1.537875475231085
PAT_27_38_240_mask.png,1.155232177185112
PAT_1545_1865_519_mask.png,1.1992366254988216
PAT_1942_3918_497_mask.png,1.2042877298608805
PAT_1633_2855_460_mask.png,6.905345558867728
PAT_272_420_10_mask.png,1.5855365640583445
PAT_1780_3380_542_mask.png,1.374282320215715
PAT_817_4471_179_mask.png,1.3819194500908643
PAT_460_893_883_mask.png,3.1429793384877738
PAT_867_1650_901_mask.png,1.3810285197507282
PAT_653_1234_311_mask.png,5.735067009471881
PAT_365_751_709_mask.png,1.1823670203276049
PAT_303_652_342_mask.png,1.329926176457222
PAT_1396_1360_4_mask.png,1.1312189372140482
PAT_886_1684_103_mask.png,1.2120184350781542
PAT_70_107_591_mask.png,3.320501894232337
PAT_1310_1097_774_mask.png,1.251143219632444
PAT_152_230_707_mask.png,1.1551386520923905
PAT_1907_3801_88_mask.png,1.2423538925363138
PAT_364_749_377_mask.png,1.2483350331389165
PAT_904_1737_511_mask.png,1.2584005785235441
PAT_72_110_944_mask.png,1.607736928918794
PAT_1148_542_708_mask.png,5.823007929733668
PAT_1451_1561_100_mask.png,1.2555943804822336
PAT_56_88_274_mask.png,1.8277878881263117
PAT_456_887_499_mask.png,1.504569454130471
PAT_517_972_845_mask.png,1.1684180763509446
PAT_767_1501_691_mask.png,4.830490737834885
PAT_609_1159_942_mask.png,1.1714112568586719
PAT_998_17_641_mask.png,1.283172976342002
PAT_935_1786_482_mask.png,1.4468745875137767
PAT_1033_153_301_mask.png,1.15248592093575
PAT_1364_1246_583_mask.png,1.3981255360035036
PAT_793_1512_382_mask.png,1.1934093985449519
PAT_1190_700_663_mask.png,2.0946180890112234
PAT_379_4405_969_mask.png,1.1777603032768245
PAT_837_1584_745_mask.png,4.3752865389088464
PAT_1243_837_806_mask.png,1.2785966958527355
PAT_2122_4642_680_mask.png,1.4348536248455406
PAT_1648_2902_292_mask.png,1.1900441637156056
PAT_40_1026_312_mask.png,1.3797407309738672
PAT_579_1099_837_mask.png,1.1613198816157457
PAT_101_1041_898_mask.png,6.616072690868073
PAT_514_969_187_mask.png,1.3571064161078321
PAT_597_1139_181_mask.png,1.942668586567338
PAT_121_184_502_mask.png,1.1565348812255176
PAT_372_760_267_mask.png,2.9182049543206436
PAT_759_1538_566_mask.png,1.1715756400667694
PAT_637_1217_274_mask.png,1.324587984279049
PAT_2088_4523_400_mask.png,1.2105246473362958
PAT_122_869_60_mask.png,1.3702156262957688
PAT_517_971_88_mask.png,5.260003038149274
PAT_1402_1377_799_mask.png,3.8316688309869513
PAT_773_60_554_mask.png,1.2191340919773344
PAT_760_1456_878_mask.png,1.1870081779237562
PAT_738_1552_502_mask.png,1.6509412417731122
PAT_1899_3779_475_mask.png,1.4466207132911926
PAT_1303_1077_501_mask.png,7.404181851550487
PAT_1128_497_29_mask.png,1.8460997123406482
PAT_864_70_822_mask.png,1.3263407989011178
PAT_1543_4346_860_mask.png,1.4738287518877666
PAT_906_1723_560_mask.png,2.4360084813079275
PAT_85_129_225_mask.png,1.2397083243972356
PAT_627_1188_503_mask.png,1.171388236523799
PAT_115_176_455_mask.png,1.4166971417379965
PAT_851_4519_488_mask.png,1.2546420912039606
PAT_159_246_630_mask.png,1.2962077257561457
PAT_1326_1156_783_mask.png,1.2197169720128997
PAT_270_1387_430_mask.png,1.2023516084223544
PAT_212_326_597_mask.png,1.256663772149755
PAT_701_4056_457_mask.png,1.2630830043876846
PAT_1944_3921_281_mask.png,1.1642314654806407
PAT_96_150_743_mask.png,1.674361664835481
PAT_155_238_413_mask.png,1.8743059073175063
PAT_1527_1794_662_mask.png,1.1985992634053213
PAT_161_250_197_mask.png,2.148127197897324
PAT_1018_107_68_mask.png,1.5758738589069163
PAT_63_98_187_mask.png,1.3460431203696874
PAT_662_1251_43_mask.png,1.2281434466187822
PAT_336_705_711_mask.png,1.2684537112556156
PAT_267_1061_152_mask.png,1.3656408281959098
PAT_1414_1432_969_mask.png,1.1715979549985307
PAT_115_177_575_mask.png,1.202465461743675
PAT_1255_876_939_mask.png,1.6685825116612198
PAT_884_1683_538_mask.png,1.456335029406384
PAT_428_845_189_mask.png,1.1699692725661017
PAT_2098_4559_436_mask.png,1.1422987747889788
PAT_2013_4148_303_mask.png,5.073794504749657
PAT_1082_342_705_mask.png,1.2042216688215945
PAT_2090_4532_178_mask.png,1.4967277067385185
PAT_978_1844_715_mask.png,1.3050119207321054
PAT_1367_1264_801_mask.png,1.42499824164409
PAT_262_402_265_mask.png,1.3932120695224048
PAT_2016_4155_600_mask.png,1.4283677768945577
PAT_172_267_557_mask.png,4.981784432151675
PAT_1223_770_120_mask.png,1.1245086447267727
PAT_764_1448_499_mask.png,1.1898096299688257
PAT_587_1117_880_mask.png,1.2180239563987687
PAT_1113_458_387_mask.png,1.1602064154003662
PAT_263_404_410_mask.png,1.281195263715974
PAT_1074_322_242_mask.png,1.6382020992978323
PAT_626_1187_34_mask.png,1.9032917003465397
PAT_1415_1440_629_mask.png,5.101541410933771
PAT_147_219_206_mask.png,1.4160729076230365
PAT_406_1542_301_mask.png,1.1875000450686954
PAT_394_794_235_mask.png,1.5045314378124808
PAT_1071_314_500_mask.png,2.373055311929723
PAT_759_1433_914_mask.png,1.1490736741496659
PAT_53_1370_288_mask.png,1.637763041739294
PAT_330_1440_532_mask.png,1.1603655221156945
PAT_397_798_482_mask.png,1.2033933881794479
PAT_176_273_423_mask.png,1.2113286270119679
PAT_1420_1461_93_mask.png,1.3241504002796327
PAT_989_1861_156_mask.png,2.1304928351574355
PAT_377_1580_534_mask.png,1.3318552146288782
PAT_1326_1156_163_mask.png,1.2154840796406239
PAT_1577_3527_831_mask.png,7.128805015877174
PAT_639_3674_452_mask.png,1.3310507396326952
PAT_1699_3126_673_mask.png,1.1427847994694715
PAT_947_1798_946_mask.png,1.5596868926937455
PAT_1307_1088_252_mask.png,1.3953614909259804
PAT_682_1292_642_mask.png,1.1557516560479413
PAT_299_1455_759_mask.png,1.5206477400690537
PAT_2024_4225_170_mask.png,1.2238759649988424
PAT_1132_508_325_mask.png,1.3105354174437653
PAT_1993_4076_174_mask.png,1.7098645379403898
PAT_963_89_593_mask.png,1.4963787323921962
PAT_38_1002_668_mask.png,1.6806967175513499
PAT_481_923_186_mask.png,1.4372054196102009
PAT_1624_2807_679_mask.png,1.2334809075965698
PAT_872_1707_638_mask.png,1.4398086801170504
PAT_106_158_270_mask.png,7.896260125897891
PAT_2039_4290_273_mask.png,1.92193695959828
PAT_493_3016_512_mask.png,1.2398932606064328
PAT_1179_641_735_mask.png,1.3220466137217908
PAT_708_1333_222_mask.png,1.5922045322897556
PAT_646_1225_590_mask.png,1.3495609106567168
PAT_703_1329_112_mask.png,1.2480112560545116
PAT_1786_3420_346_mask.png,1.5231507496299825
PAT_2143_4736_227_mask.png,1.3916155959414742
PAT_928_1764_426_mask.png,1.2625043760124703
PAT_70_107_155_mask.png,5.621647793896473
PAT_1260_894_63_mask.png,7.25422348335285
PAT_46_881_939_mask.png,1.736055442209787
PAT_519_979_104_mask.png,1.5801217159765852
PAT_177_11_786_mask.png,1.2331902790892988
PAT_1754_3308_783_mask.png,4.260089518911753
PAT_44_63_151_mask.png,1.3679877987264242
PAT_431_850_472_mask.png,1.4438311676900746
PAT_325_689_528_mask.png,1.1560616208523193
PAT_503_950_368_mask.png,1.4305323013182931
PAT_892_1691_881_mask.png,1.6018451958608497
PAT_1410_1410_46_mask.png,1.2158002116407887
PAT_1210_738_915_mask.png,1.1876264999000523
PAT_1094_381_446_mask.png,1.6135470006342163
PAT_1062_264_741_mask.png,1.342344320973435
PAT_1388_3513_146_mask.png,1.1763154794450486
PAT_817_1537_943_mask.png,1.3331128028278025
PAT_1844_3618_373_mask.png,1.146344388966561
PAT_263_403_966_mask.png,1.1344897874354194
PAT_1492_1705_728_mask.png,1.237417636036468
PAT_874_1671_938_mask.png,3.2204506805017217
PAT_1783_3413_850_mask.png,1.2287137231745098
PAT_1074_322_662_mask.png,1.608171004573962
PAT_1286_1000_276_mask.png,1.278406750929754
PAT_614_1166_885_mask.png,2.014855982133005
PAT_394_1562_579_mask.png,1.1532132949052534
PAT_1969_3980_995_mask.png,6.162543773067861
PAT_503_950_552_mask.png,1.590927450737423
PAT_300_647_501_mask.png,1.5794585591371366
PAT_809_1527_902_mask.png,1.2820267584081826
PAT_408_811_808_mask.png,1.2273832206318673
PAT_846_4421_153_mask.png,1.1706056300368806
PAT_1762_3332_245_mask.png,3.374349903341959
PAT_441_861_415_mask.png,1.597801370067711
PAT_1246_846_899_mask.png,1.3851119617472272
PAT_2003_4107_766_mask.png,1.2707625302920156
PAT_1712_3173_684_mask.png,1.2184402764264832
PAT_939_1791_329_mask.png,2.1585334902748143
PAT_73_111_435_mask.png,1.1746376970193237
PAT_950_1804_334_mask.png,1.3670922703851864
PAT_50_76_296_mask.png,1.260574799450609
PAT_505_3200_856_mask.png,1.3538568506449276
PAT_1364_1246_927_mask.png,1.1858670989666285
PAT_194_298_367_mask.png,1.413197534102121
PAT_992_1864_653_mask.png,1.1366572642895432
PAT_1324_1145_309_mask.png,1.3558449110638184
PAT_271_418_14_mask.png,1.2370071329830978
PAT_527_1360_225_mask.png,1.1583327910817796
PAT_1441_1531_670_mask.png,1.2176153901429865
PAT_1063_271_448_mask.png,6.280577067848091
PAT_598_1137_888_mask.png,1.2495897221984846
PAT_503_949_409_mask.png,1.2560997038832986
PAT_678_1287_652_mask.png,1.4328436147789902
PAT_877_1667_118_mask.png,1.3593302862973786
PAT_1118_470_710_mask.png,1.2844681333066852
PAT_1370_1273_41_mask.png,1.1830489937323752
PAT_755_1430_681_mask.png,1.2393029973573795
PAT_197_301_198_mask.png,1.1836859362784309
PAT_937_1768_126_mask.png,1.3612426864309641
PAT_711_1334_480_mask.png,1.2695350847237894
PAT_897_1710_793_mask.png,1.5480258406418943
PAT_490_933_352_mask.png,1.5414010043347717
PAT_967_1827_247_mask.png,1.338876548550653
PAT_618_1174_596_mask.png,1.5256273382204584
PAT_2046_4323_762_mask.png,1.8048132481272674
PAT_568_1066_235_mask.png,1.1632802204297101
PAT_665_1261_17_mask.png,1.3599386647737801
PAT_1810_3484_347_mask.png,1.1923680856729464
PAT_370_2558_175_mask.png,1.3442066942519335
PAT_1415_1437_527_mask.png,1.431077314357547
PAT_56_86_479_mask.png,1.8000805632820134
PAT_788_1503_168_mask.png,2.2298404887085015
PAT_831_1570_991_mask.png,1.1713367921328781
PAT_723_1396_338_mask.png,1.5276397377425859
PAT_575_1088_134_mask.png,1.2839563778095826
PAT_1309_1096_393_mask.png,1.4331178056006015
PAT_734_1390_631_mask.png,1.5013951559449785
PAT_167_258_479_mask.png,5.124759346317158
PAT_1335_1181_21_mask.png,1.3600688379510029
PAT_1653_2916_346_mask.png,1.326354817395839
PAT_289_442_43_mask.png,1.4974120946964387
PAT_115_1138_870_mask.png,1.3174876320846938
PAT_65_101_847_mask.png,1.5694420535525608
PAT_1256_879_199_mask.png,1.1403201993870296
PAT_180_279_377_mask.png,1.1324201055093575
PAT_272_420_25_mask.png,1.3285810403898166
PAT_1516_1765_530_mask.png,1.295300672160268
PAT_167_684_365_mask.png,1.167580284415053
PAT_715_4072_827_mask.png,1.81416803684408
PAT_439_859_84_mask.png,1.847118740189583
PAT_2011_4141_862_mask.png,1.1838246459379091
PAT_229_349_256_mask.png,1.3970125555663295
PAT_2113_4607_329_mask.png,1.2162831686622597
PAT_824_1560_801_mask.png,1.7234991168732332
PAT_387_786_213_mask.png,1.2973606111344533
PAT_1008_59_297_mask.png,1.6658744661418494
PAT_31_43_129_mask.png,5.560534559152563
PAT_1497_1712_633_mask.png,1.277301566756399
PAT_20_30_44_mask.png,1.1947522260585315
PAT_236_1071_810_mask.png,1.3344440087891898
PAT_249_380_366_mask.png,1.1429371000558592
PAT_674_1277_9_mask.png,1.481150942300548
PAT_1340_1208_931_mask.png,1.398448024681722
PAT_58_91_143_mask.png,1.1662349652101982
PAT_567_1076_545_mask.png,1.701334184730854
PAT_238_364_387_mask.png,1.2490618711556103
PAT_281_96_753_mask.png,1.7381330803386787
PAT_349_724_133_mask.png,1.7959964482754234
PAT_645_4042_489_mask.png,2.2904429061857896
PAT_479_917_41_mask.png,1.8032998719064253
PAT_2140_4726_85_mask.png,5.6091609594369185
PAT_1329_1168_620_mask.png,1.1652003574267968
PAT_261_401_911_mask.png,2.5136113953984496
PAT_2050_4350_36_mask.png,1.611562452594687
PAT_842_1606_971_mask.png,6.339139833681631
PAT_1503_1728_65_mask.png,1.2556188773799417
PAT_2061_4395_587_mask.png,1.291273509677123
PAT_207_313_1_mask.png,1.2471129399320517
PAT_1884_3730_813_mask.png,1.2381791889413092
PAT_1186_681_457_mask.png,1.3140383174581405
PAT_514_967_300_mask.png,1.1824599335536348
PAT_147_219_544_mask.png,1.3522030085147212
PAT_1975_3999_453_mask.png,1.3960274472731276
PAT_1572_2496_418_mask.png,2.7944742237083386
PAT_744_1404_951_mask.png,5.072119924793843
PAT_1670_3007_105_mask.png,2.2423894677046885
PAT_735_1391_261_mask.png,1.2540178930093326
PAT_201_946_262_mask.png,1.2821598224618258
PAT_756_1496_480_mask.png,1.4991323232718412
PAT_771_1488_922_mask.png,1.3213116903669835
PAT_135_202_593_mask.png,1.4284506327674191
PAT_302_651_529_mask.png,1.1708948453516952
PAT_516_966_57_mask.png,1.2608608205038068
PAT_1770_3344_274_mask.png,1.1937136991978434
PAT_334_703_907_mask.png,1.2280721061550923
PAT_576_1089_435_mask.png,1.4271760674826413
PAT_1801_3459_857_mask.png,1.1566772750420042
PAT_2161_4818_501_mask.png,1.34222917292197
PAT_423_839_596_mask.png,2.3361072926049844
PAT_248_379_695_mask.png,1.6099897464376227
PAT_950_1804_64_mask.png,1.1953184249613356
PAT_544_1028_226_mask.png,1.5872324127144577
PAT_688_1305_242_mask.png,1.1724475377913017
PAT_380_1540_525_mask.png,1.2093117409383591
PAT_539_1023_928_mask.png,1.1532694317804695
PAT_1614_2747_533_mask.png,1.2184686094932844
PAT_645_1224_768._mask.png,1.488295445899603
PAT_1306_1086_124_mask.png,1.1783909777904686
PAT_2011_4140_787_mask.png,1.1356555279685787
PAT_898_1706_496_mask.png,2.0515883482585062
PAT_805_1517_154_mask.png,1.1550132056715388
PAT_679_1286_933_mask.png,1.5978779095310172
PAT_115_177_622_mask.png,1.4553218864042157
PAT_306_1646_903_mask.png,1.7982391152357737
PAT_1414_1429_53_mask.png,3.0669604479292927
PAT_1305_4097_251_mask.png,1.166339617917615
PAT_1600_2685_445_mask.png,1.2634710844505
PAT_886_4635_304_mask.png,1.7352167171189345
PAT_245_376_24_mask.png,1.2007009281098977
PAT_1241_824_82_mask.png,1.1279233697551139
PAT_1136_517_92_mask.png,1.2238814681567645
PAT_1453_1567_250_mask.png,1.1830657582467052
PAT_81_123_52_mask.png,5.117924096750448
PAT_419_833_148_mask.png,2.107717457347287
PAT_1172_622_420_mask.png,1.3296961461585912
PAT_388_787_818_mask.png,1.392984430126118
PAT_2041_4298_408_mask.png,1.3696936973655771
PAT_1145_534_529_mask.png,1.213989353034945
PAT_639_3676_760_mask.png,1.297441182380974
PAT_154_235_162_mask.png,1.1721782833663985
PAT_91_5_332_mask.png,1.157079813614114
PAT_718_1358_919_mask.png,1.6712518968573447
PAT_1109_436_141_mask.png,1.184067856839211
PAT_609_1159_932_mask.png,1.2371474687114252
PAT_177_274_371_mask.png,1.2901342066558459
PAT_1648_2904_523_mask.png,1.255246305384238
PAT_829_1566_135_mask.png,1.5131643802297587
PAT_1498_1719_816_mask.png,1.8314170393643323
PAT_123_186_718_mask.png,1.1494463081822985
PAT_1371_1276_145_mask.png,1.1862085984217976
PAT_78_118_164_mask.png,5.042621486430483
PAT_168_262_292_mask.png,1.1268317835239712
PAT_585_1130_474_mask.png,1.1169917002825716
PAT_304_653_446_mask.png,1.8452114109876991
PAT_59_46_537_mask.png,1.4419098542416355
PAT_85_129_980_mask.png,1.315797271024613
PAT_1652_2915_65_mask.png,1.3931560858444696
PAT_782_1492_890_mask.png,1.1684623053048917
PAT_1658_2933_322_mask.png,1.3873292082433486
PAT_330_696_894_mask.png,1.3248950340771795
PAT_1392_1353_161_mask.png,1.1516308859386941
PAT_1161_578_233_mask.png,1.8504240497854831
PAT_233_27_663_mask.png,1.3619037940660874
PAT_771_1489_70_mask.png,1.6541858868331136
PAT_205_311_255_mask.png,1.288329809934063
PAT_771_1489_345_mask.png,1.2592745684311462
PAT_879_1676_668_mask.png,1.223269286614964
PAT_2109_4598_112_mask.png,1.2101977502328922
PAT_1125_492_523_mask.png,1.1495465688438513
PAT_953_1806_326_mask.png,1.2298418791409904
PAT_1423_1472_18_mask.png,1.2824234450744019
PAT_373_2598_514_mask.png,1.2919313033878246
PAT_571_1097_652_mask.png,1.5746811959854405
PAT_403_804_994_mask.png,1.23554013479199
PAT_2157_4789_969_mask.png,1.2852070777433873
PAT_1088_373_781_mask.png,2.249705192088669
PAT_181_13_109_mask.png,1.5805440829304627
PAT_810_1526_67_mask.png,1.8251846208595828
PAT_793_1512_513_mask.png,1.5006799859836137
PAT_613_1164_827_mask.png,1.2566939906138266
PAT_1866_3659_398_mask.png,1.240359810815654
PAT_115_175_283_mask.png,1.3069159635035705
PAT_247_378_484_mask.png,1.301501485693329
PAT_191_294_629_mask.png,2.602595050739172
PAT_1420_1460_951_mask.png,1.3514335230997536
PAT_523_988_900_mask.png,1.2190847115866386
PAT_156_241_538_mask.png,1.7183669323551483
PAT_1364_1246_420_mask.png,1.161163512191255
PAT_247_1294_292_mask.png,6.7575007637145985
PAT_1414_1433_806_mask.png,1.2027000277490238
PAT_62_97_868_mask.png,1.379100973516239
PAT_774_1462_821_mask.png,1.1707964736857273
PAT_851_1623_506_mask.png,2.509396165277651
PAT_38_54_234_mask.png,1.1640004483229185
PAT_241_367_89_mask.png,1.8104922620742607
PAT_601_1147_889_mask.png,3.5708614491468644
PAT_309_663_812_mask.png,1.292596760543395
PAT_636_1204_666_mask.png,5.6098748152404205
PAT_1176_631_36_mask.png,1.1761096537266396
PAT_1184_678_86_mask.png,1.1327518144151751
PAT_75_114_73_mask.png,1.1786497447872162
PAT_303_652_943_mask.png,1.2183653068376485
PAT_1755_3310_986_mask.png,1.178307415904059
PAT_294_638_564_mask.png,1.1952335329283401
PAT_990_1860_636_mask.png,1.2338940316290843
PAT_2046_4323_394_mask.png,4.049912134549508
PAT_689_1306_772_mask.png,1.1930689523125728
PAT_994_1866_913_mask.png,1.180236062200171
PAT_1563_2426_436_mask.png,1.906055687927905
PAT_1754_3308_390_mask.png,1.6820404273998302
PAT_544_3299_671_mask.png,1.173985863988204
PAT_758_1441_891_mask.png,1.907614924060719
PAT_86_1109_306_mask.png,1.394970449770206
PAT_104_1754_276_mask.png,1.1625786020786233
PAT_198_853_778_mask.png,1.5387252077702547
PAT_1304_1081_84_mask.png,7.399450353860993
PAT_412_818_61_mask.png,1.292185151367895
PAT_1557_2399_681_mask.png,1.6216596151871392
PAT_59_94_849_mask.png,1.3206008560712281
PAT_1414_1429_59_mask.png,1.2463144200690854
PAT_171_265_757_mask.png,5.7428776627495735
PAT_840_1595_981_mask.png,1.2185601081863522
PAT_388_2452_548_mask.png,1.1139576871570762
PAT_1107_427_352_mask.png,6.804175193616605
PAT_343_717_927_mask.png,1.6496737748208532
PAT_470_908_103_mask.png,2.014031722645456
PAT_1726_3228_674_mask.png,1.3687759199468534
PAT_263_403_382_mask.png,1.3714865544842663
PAT_650_1230_636_mask.png,2.505140288338375
PAT_691_1312_389_mask.png,1.211083205500294
PAT_1719_3203_18_mask.png,1.474894318347144
PAT_739_1398_331_mask.png,1.286943368516558
PAT_1689_3075_38_mask.png,1.3836527946512502
PAT_914_1732_136_mask.png,1.2382524397976693
PAT_473_911_610_mask.png,1.255774541625886
PAT_2119_4625_733_mask.png,1.3441848916229768
PAT_859_1638_598_mask.png,2.0750410780508237
PAT_570_1085_429_mask.png,1.1605932478491832
PAT_762_1436_414_mask.png,1.3469095100648683
PAT_1736_3246_166_mask.png,1.153830314614519
PAT_771_1488_562_mask.png,1.1340967187824773
PAT_1727_3233_399_mask.png,1.3189046214692512
PAT_981_1848_906_mask.png,1.2049705293225466
PAT_63_98_127_mask.png,1.5906179821956314
PAT_1995_4080_695_mask.png,1.3876133668406945
PAT_338_707_774_mask.png,1.2246955946855635
PAT_526_3205_611_mask.png,1.1906834449007595
PAT_827_1600_1000_mask.png,1.1939002606547569
PAT_798_1529_282_mask.png,1.449730196295692
PAT_1451_1560_616_mask.png,1.1827070662098997
PAT_1546_1871_376_mask.png,1.206674159874497
PAT_698_1150_881_mask.png,1.4228760092977941
PAT_1381_1314_517_mask.png,1.2584456101562327
PAT_722_1376_280_mask.png,1.2757949476282966
PAT_1022_114_756_mask.png,1.3737933064000702
PAT_832_1569_413_mask.png,1.4953972127919373
PAT_1092_378_922_mask.png,1.370622055906765
PAT_1035_165_800_mask.png,1.2697354017801779
PAT_1273_953_510_mask.png,1.1901069954047812
PAT_69_1053_332_mask.png,1.1882690823257982
PAT_768_1449_842_mask.png,1.5880030370134055
PAT_1390_1346_709_mask.png,1.288471392685112
PAT_1208_736_599_mask.png,1.2382611150570877
PAT_1694_3110_213_mask.png,1.25230808458481
PAT_122_185_957_mask.png,1.289080067189444
PAT_318_677_278_mask.png,1.6470637525810983
PAT_87_133_810_mask.png,4.578642603566203
PAT_563_1070_63_mask.png,4.270262864915325
PAT_2131_4683_112_mask.png,1.7207321862564298
PAT_134_201_587_mask.png,1.4583105726427226
PAT_1406_1397_669_mask.png,1.27930972357616
PAT_1414_1433_570_mask.png,7.060555931825974
PAT_192_884_310_mask.png,1.5433745818860862
PAT_256_4_583_mask.png,1.1570186446781197
PAT_1278_965_701_mask.png,1.5094615736822286
PAT_921_1750_313_mask.png,4.314331833890647
PAT_108_161_423_mask.png,1.298253401922704
PAT_697_1317_892_mask.png,1.3505152007211307
PAT_913_1730_815_mask.png,2.0604810446676
PAT_935_1783_687_mask.png,1.2289910635846333
PAT_486_929_317_mask.png,10.87723681918092
PAT_281_64_293_mask.png,1.4861513350267683
PAT_1392_1352_778_mask.png,1.1911205166467465
PAT_179_277_436_mask.png,1.1914934173799228
PAT_290_445_988_mask.png,1.1674831965709618
PAT_340_714_314_mask.png,1.3774737968242103
PAT_1216_759_542_mask.png,1.20554964769267
PAT_106_158_249_mask.png,1.4287671388682954
PAT_880_1675_704_mask.png,1.7200378967201637
PAT_666_1268_870_mask.png,1.8324202135262426
PAT_714_1337_709_mask.png,1.3452096305364132
PAT_963_1819_298_mask.png,1.2020919888911816
PAT_1491_1703_637_mask.png,1.2908528940167765
PAT_385_783_22_mask.png,1.3350170181312238
PAT_319_680_832_mask.png,1.2385541525649215
PAT_2144_4738_120_mask.png,1.1553416132012175
PAT_625_1184_994_mask.png,1.1873943235921056
PAT_104_1755_320_mask.png,
PAT_890_1694_29_mask.png,1.9113300062902825
PAT_21_31_965_mask.png,1.4441391883080086
PAT_1421_1464_297_mask.png,9.345777568576526
PAT_640_1210_293_mask.png,1.1512173765246505
PAT_975_95_152_mask.png,1.4108545434275717
PAT_270_1384_995_mask.png,1.2243126489632987
PAT_138_205_296_mask.png,2.7943329208609926
PAT_844_1605_308_mask.png,6.024124493867988
PAT_1013_82_876_mask.png,1.1401653620192536
PAT_167_258_711_mask.png,1.3118212111496321
PAT_185_285_97_mask.png,1.3301859655841584
PAT_1761_3329_837_mask.png,2.141815774201447
PAT_988_1858_944_mask.png,1.3245809339636048
PAT_652_1231_516_mask.png,1.5806348601027456
PAT_677_1348_51_mask.png,1.191670909965429
PAT_842_1606_720_mask.png,1.3554951220203386
PAT_202_308_692_mask.png,6.176894336077047
PAT_447_873_329_mask.png,1.272987426716392
PAT_1306_1086_762_mask.png,1.1348306127510852
PAT_286_1459_926_mask.png,1.1502548742159733
PAT_889_73_986_mask.png,6.2966817226323455
PAT_255_388_231_mask.png,1.3500338956003584
PAT_806_1520_708_mask.png,1.2026038268560242
PAT_1022_115_132_mask.png,1.5544685282487787
PAT_360_742_768_mask.png,1.1997433211314374
PAT_1265_908_754_mask.png,1.1826996257240836
PAT_416_826_123_mask.png,1.7149607625835648
PAT_2160_4814_243_mask.png,1.7029149444713498
PAT_2152_4781_332_mask.png,1.1219607379794219
PAT_468_905_765_mask.png,1.1956504080324755
PAT_1803_3463_639_mask.png,1.236718320905627
PAT_529_994_419_mask.png,1.191609116756196
PAT_138_206_507_mask.png,1.4838448548141265
PAT_799_1515_723_mask.png,1.190343566222579
PAT_395_795_43_mask.png,1.3570018454779675
PAT_2053_4360_281_mask.png,1.351633916231924
PAT_1790_3427_355_mask.png,1.5317421210086406
PAT_2070_4430_290_mask.png,5.181885448615537
PAT_86_131_107_mask.png,1.1717139813744708
PAT_330_695_296_mask.png,1.1710201216372642
PAT_2068_4424_995_mask.png,1.3478935937447796
PAT_465_901_106_mask.png,1.1446490631892283
PAT_1850_3631_519_mask.png,8.760008647251112
PAT_354_1814_619_mask.png,1.2154918482966452
PAT_1892_3760_713_mask.png,2.189117663782591
PAT_1722_3214_672_mask.png,1.5172814708928453
PAT_990_1860_478_mask.png,4.664750966122205
PAT_1371_1278_533_mask.png,1.5545185521347487
PAT_669_1265_76_mask.png,1.1968354405851365
PAT_309_662_737_mask.png,1.1473388004168044
PAT_1286_1000_517_mask.png,1.2462426010215581
PAT_160_249_76_mask.png,1.1921116358305959
PAT_1707_3148_835_mask.png,1.1827257720714204
PAT_521_984_412_mask.png,1.166719717932334
PAT_1461_1600_867_mask.png,1.1817212864403925
PAT_344_718_206_mask.png,1.196671136725676
PAT_835_1578_52_mask.png,1.1993296413981651
PAT_814_1532_545_mask.png,1.7638098577716785
PAT_180_279_746_mask.png,1.1394585531084342
PAT_753_1428_451_mask.png,1.1593872516340271
PAT_684_1302_934_mask.png,1.278159675763849
PAT_792_1498_936_mask.png,1.387389089338712
PAT_1626_2811_850_mask.png,1.298572684410506
PAT_91_140_664_mask.png,5.117351362600697
PAT_406_809_581_mask.png,1.5512180926996735
PAT_973_1839_34_mask.png,2.3755414370860195
PAT_2030_4246_973_mask.png,1.1637024576593862
PAT_388_1592_576_mask.png,2.624367206106716
PAT_39_55_233_mask.png,1.1291826958490863
PAT_636_1204_521_mask.png,1.7932866237252731
PAT_926_1758_714_mask.png,1.3612780798946904
PAT_319_679_533_mask.png,1.3415844992623107
PAT_946_1809_687_mask.png,1.338540961918466
PAT_2079_4480_586_mask.png,2.07053900448615
PAT_744_1405_742_mask.png,1.1520789961369842
PAT_987_1859_859_mask.png,
PAT_207_3951_140_mask.png,2.2464163069446865
PAT_1547_1875_436_mask.png,1.1434710214534136
PAT_49_75_326_mask.png,2.0066553810259897
PAT_1882_3718_982_mask.png,1.1574236774682802
PAT_91_356_273_mask.png,1.1958344225938398
PAT_468_4775_268_mask.png,1.515521754006245
PAT_966_1825_584_mask.png,2.9373899106726764
PAT_1710_3160_488_mask.png,1.3151393497478132
PAT_380_773_362_mask.png,1.1712331885288754
PAT_663_1254_732_mask.png,1.1959548431668017
PAT_759_1433_973_mask.png,1.1432187781736112
PAT_324_1465_43_mask.png,1.4291230149633865
PAT_267_1062_418_mask.png,1.187727437387121
PAT_1455_1585_690_mask.png,5.842197733135207
PAT_361_1568_456_mask.png,1.2797163841433887
PAT_2034_4268_141_mask.png,1.5366473539277936
PAT_486_929_274_mask.png,2.147087332560131
PAT_677_1348_657_mask.png,1.182875635135602
PAT_1875_3689_646_mask.png,1.2587027559136414
PAT_337_706_944_mask.png,1.6216872605685926
PAT_82_125_907_mask.png,1.2445480609487762
PAT_691_3994_671_mask.png,1.2216436723819522
PAT_48_74_309_mask.png,1.130506941524489
PAT_381_775_253_mask.png,1.1460619006031245
PAT_463_897_440_mask.png,1.2211040283500187
PAT_699_1320_901_mask.png,1.2278635286364301
PAT_747_1408_427_mask.png,1.2153101474720396
PAT_1534_1809_366_mask.png,1.4252996352297933
PAT_1550_1888_216_mask.png,1.301556003420557
PAT_882_1678_192_mask.png,1.4087350478255185
PAT_92_141_551_mask.png,2.306906209922471
PAT_115_175_206_mask.png,1.3707597809922212
PAT_204_310_975_mask.png,1.2060220581908978
PAT_84_128_233_mask.png,1.4198333610231926
PAT_2049_4348_485_mask.png,1.206565913376618
PAT_409_2614_24_mask.png,4.573684180643947
PAT_36_49_935_mask.png,1.2012793668258426
PAT_721_1365_819_mask.png,1.1692277518631782
PAT_1702_3548_386_mask.png,1.2463487664101962
PAT_1671_3008_622_mask.png,10.784083171715606
PAT_277_427_658_mask.png,1.2398591207525058
PAT_1460_1598_708_mask.png,1.4227387356576582
PAT_570_1084_939_masks.png,1.3489427117001858
PAT_1006_53_385_mask.png,1.6999590515848177
PAT_1453_1566_310_mask.png,1.7464451398543086
PAT_1918_3837_15_mask.png,2.5598451913271463
PAT_1786_3419_768_mask.png,5.861748631917314
PAT_201_306_781_mask.png,1.2762421522120178
PAT_225_345_903_mask.png,1.1589063839763287
PAT_194_298_945_mask.png,1.3059019926719884
PAT_2009_4134_828_mask.png,1.4991546747600588
PAT_178_276_465_mask.png,1.5627696359744192
PAT_1100_402_375_mask.png,1.2486834137235105
PAT_1807_3481_801_mask.png,1.2733049838687742
PAT_1427_1485_15_mask.png,2.1775548350590763
PAT_482_924_134_mask.png,1.3071748673601766
PAT_356_736_188_mask.png,1.2316899853797887
PAT_1170_609_378_mask.png,1.287160420997878
PAT_817_1537_643_mask.png,1.2600261365360312
PAT_1418_1449_580_mask.png,3.0540535220477576
PAT_715_1338_761_mask.png,1.218176982277329
PAT_752_1426_714_mask.png,1.566214858034461
PAT_390_790_505_mask.png,1.52298553520333
PAT_1980_4018_929_mask.png,1.4794719070646483
PAT_426_842_458_mask.png,1.4031874085875669
PAT_679_1286_677_mask.png,1.31110418268118
PAT_1800_3460_206_mask.png,3.1662330257245177
PAT_1301_1063_739_mask.png,1.5131629548179821
PAT_389_2600_833_mask.png,1.1965107492415492
PAT_1946_3924_24_mask.png,1.2851707160152992
PAT_2056_4364_112_mask.png,1.1744913523171387
PAT_747_1408_965_mask.png,1.189673632691984
PAT_1029_135_239_mask.png,1.28947980964081
PAT_834_4490_317_mask.png,1.1603845102373176
PAT_98_152_562_mask.png,1.2564115025730127
PAT_528_3072_615_mask.png,1.1301977097903608
PAT_472_910_453_mask.png,1.8452457833173843
PAT_1276_957_406_mask.png,1.1925181935108933
PAT_1582_2574_34_mask.png,1.3515078704531869
PAT_168_261_38_mask.png,1.8912162347200703
PAT_1074_322_174_mask.png,1.6572648742160998
PAT_2043_4308_681_mask.png,2.3712169458486803
PAT_126_192_208_mask.png,1.3767571574074595
PAT_554_1051_301_mask.png,1.4068615091116545
PAT_1728_3234_404_mask.png,2.8408934715683722
PAT_217_963_806_mask.png,1.2495593937470841
PAT_109_868_113_mask.png,1.31914816915223
PAT_338_710_93_mask.png,1.416019350630877
PAT_727_1373_776_mask.png,1.496198821240115
PAT_988_1858_453_mask.png,1.1740774356510968
PAT_221_339_951_mask.png,1.30095393749191
PAT_1481_1675_371_mask.png,1.3578890512169068
PAT_876_1664_579_mask.png,1.2081578628890874
PAT_363_745_516_mask.png,1.9594891535059689
PAT_621_3592_955_mask.png,1.1804960816219658
PAT_289_1399_481_mask.png,1.1227884962314933
PAT_87_133_391_mask.png,6.732291628454055
PAT_1976_4000_701_mask.png,1.849016982343253
PAT_1593_2651_122_mask.png,1.1896046216040974
PAT_858_1633_926_mask.png,1.2733305484660926
PAT_802_1516_910_mask.png,2.049578253161007
PAT_691_1311_686_mask.png,1.176147368504457
PAT_2071_4433_848_mask.png,1.9764607411440176
PAT_1468_1622_219_mask.png,1.868196252630533
PAT_267_1061_324_mask.png,7.181313469226583
PAT_369_756_130_mask.png,6.775128978491903
PAT_849_1613_824_mask.png,1.1442546333083268
PAT_364_748_278_mask.png,1.4205645908787692
PAT_742_1470_425_mask.png,1.7041778828480085
PAT_1774_3352_474_mask.png,1.266455563618797
PAT_388_1589_976_mask.png,1.3135649911659821
PAT_319_678_357_mask.png,1.3727002991731303
PAT_126_191_304_mask.png,1.2376945951989884
PAT_221_339_566_mask.png,2.1933864616036893
PAT_964_1821_83_mask.png,1.6143738765471205
PAT_495_941_26_mask.png,1.5104995355544302
PAT_251_382_240_mask.png,1.3707454432046078
PAT_753_1834_712_mask.png,2.060126208228888
PAT_1554_4170_992_mask.png,1.123424665587314
PAT_918_1742_629_mask.png,2.715747987939176
PAT_704_1323_974_mask.png,1.986425158140051
PAT_168_1486_97_mask.png,1.1633523440505433
PAT_570_1085_344_mask.png,2.0514937027900766
PAT_1913_3816_335_mask.png,1.4705379362607411
PAT_1693_3103_879_mask.png,3.7014565701315028
PAT_269_415_103_mask.png,1.6632751902832672
PAT_169_694_411_mask.png,1.225168765585659
PAT_677_1350_67_mask.png,1.2522550778056838
PAT_558_1072_486_mask.png,1.170145855283195
PAT_874_1671_176_mask.png,2.211216296621504
PAT_1893_3761_666_mask.png,
PAT_235_360_50_mask.png,3.323947157782202
PAT_1089_375_677_mask.png,1.1648639145939963
PAT_385_783_574_mask.png,1.3353007979344351
PAT_302_69_845_mask.png,1.1904750124646748
PAT_900_1711_622_mask.png,1.2545390480047438
PAT_1728_3234_299_mask.png,2.1621111209513595
PAT_550_1045_81_mask.png,1.1474504598370168
PAT_202_308_721_mask.png,1.3329678327363423
PAT_1070_308_751_mask.png,1.29357817139908
PAT_549_1043_676_mask.png,2.29391977900995
PAT_217_333_61_mask.png,1.123281695120373
PAT_938_1789_693_mask.png,1.1374802453616941
PAT_1460_1598_959_mask.png,1.2131166846398675
PAT_573_1090_660_mask.png,1.428593243356317
PAT_2022_4184_111_mask.png,1.5947572013950853
PAT_995_1867_165_mask.png,1.4026974001999837
PAT_459_892_804_mask.png,1.710075151114768
PAT_387_1614_866_mask.png,6.29784054500071
PAT_374_762_794_mask.png,1.3357017986188804
PAT_1538_1830_693_mask.png,1.3569660793988496
PAT_316_674_318_mask.png,1.7894677106116257
PAT_202_307_927_mask.png,1.2290888907138986
PAT_686_1355_168_mask.png,1.1956569603241431
PAT_997_14_40_mask.png,2.0501097696411756
PAT_1070_305_907_mask.png,1.2870184062340242
PAT_379_1531_17_mask.png,1.1219165604336934
PAT_191_293_699_mask.png,6.893220684941863
PAT_1222_767_519_mask.png,1.4352230717155672
PAT_561_1069_418_mask.png,1.4100287275582213
PAT_1364_1246_238_mask.png,1.3345722228448837
PAT_224_1340_551_mask.png,2.803198480750957
PAT_457_889_346_mask.png,1.1900154770357316
PAT_580_1104_684_mask.png,1.131962695676069
PAT_2020_4176_865_mask.png,1.9328181203364712
PAT_630_1196_710_mask.png,1.5617025093953871
PAT_757_1431_696_mask.png,1.1714718849484071
PAT_579_1099_551_mask.png,1.1580508197562476
PAT_741_1400_780_mask.png,1.7428516094333726
PAT_683_1297_839_mask.png,1.2110665464869264
PAT_754_1429_380_mask.png,1.2265696716634107
PAT_766_1444_52_mask.png,1.5033450255940526
PAT_237_363_858_mask.png,1.904600120541745
PAT_746_1407_708_mask.png,1.8421466972957958
PAT_641_3704_317_mask.png,6.659544447514652
PAT_513_964_343_mask.png,1.1965163291957024
PAT_507_954_812_mask.png,1.424431430312393
PAT_454_16_28_mask.png,4.885571997974215
PAT_270_417_728_mask.png,3.9908876248382064
PAT_1286_999_824_mask.png,1.1791714380160765
PAT_2080_4484_997_mask.png,1.2013284949198002
PAT_55_84_506_mask.png,1.230567206950971
PAT_108_161_575_mask.png,1.2667916757754536
PAT_999_20_223_mask.png,1.3823561331590788
PAT_53_82_940_mask.png,1.158896622033923
PAT_830_1564_54_mask.png,2.2129718350961003
PAT_186_286_109_mask.png,1.1494794242797919
PAT_1741_3273_34_mask.png,1.2122378447941413
PAT_1089_375_60_mask.png,7.544214391611925
PAT_874_1672_743_mask.png,1.1729190127154192
PAT_1631_2837_667_mask.png,2.347979200764283
PAT_109_868_723_mask.png,1.239130640814865
PAT_1476_1657_788_mask.png,1.2342058506405265
PAT_420_834_450_mask.png,1.1971823331298717
PAT_622_1185_922_mask.png,2.822927883105953
PAT_382_776_986_mask.png,1.3614427563767515
PAT_1554_2392_767_mask.png,7.236244884164243
PAT_113_172_610_mask.png,5.4101112698694
PAT_911_1728_101_mask.png,1.1938726364585193
PAT_400_801_376_mask.png,1.4603290740442665
PAT_938_1790_977_mask.png,1.491609889343747
PAT_86_1082_41_mask.png,1.1839112400060456
PAT_2011_4140_988_mask.png,1.7587559082483584
PAT_1288_1003_553_mask.png,1.190238313037764
PAT_2116_4614_671_mask.png,1.394163464413796
PAT_1603_2704_969_mask.png,1.1539867950299432
PAT_1464_1612_284_mask.png,1.2307719769891612
PAT_970_92_270_mask.png,1.392842017506917
PAT_959_1813_1000_mask.png,1.424388204683249
PAT_1313_1105_284_mask.png,1.3112027904645214
PAT_914_1740_932_mask.png,1.2892941725667588
PAT_632_1206_637_mask.png,1.4171457751453478
PAT_1587_2625_226_mask.png,1.2688507607292887
PAT_864_1645_639_mask.png,1.3068005185004843
PAT_882_1677_789_mask.png,1.3064631463275507
PAT_417_828_723_mask.png,1.4672321676546871
PAT_1245_845_32_mask.png,1.4752208588111968
PAT_1708_3157_518_mask.png,2.7512091580402256
PAT_375_763_980_mask.png,1.225588772722058
PAT_850_1611_332_mask.png,1.2854998407695968
PAT_887_1688_436_mask.png,2.7489372466768436
PAT_206_312_595_mask.png,2.1046576073021304
PAT_747_1408_742_mask.png,1.163942775633819
PAT_771_1490_334_mask.png,1.1628356658252264
PAT_1391_1351_396_mask.png,1.2154352722965713
PAT_512_962_998_mask.png,1.5638103212165384
PAT_641_1211_321_mask.png,1.278559513065506
PAT_615_1167_722_mask.png,1.296768501586934
PAT_645_1223_443_mask.png,1.3184020664617762
PAT_457_890_255_mask.png,1.2893768313815572
PAT_264_405_118_mask.png,1.1902355660245603
PAT_749_1415_164_mask.png,1.7711176764784953
PAT_388_1590_328_mask.png,2.3034405066232306
PAT_1415_1439_295_mask.png,1.1637750371903783
PAT_206_312_760_mask.png,2.0141427155377736
PAT_1333_1177_261_mask.png,1.1755161415983153
PAT_831_1570_637_mask.png,1.1509875371522094
PAT_217_332_906_mask.png,6.086329971650751
PAT_392_792_712_mask.png,1.335179139462668
PAT_241_367_374_mask.png,1.8090127200598167
PAT_323_686_356_mask.png,1.9641510768542734
PAT_631_1207_982_mask.png,1.175259251139905
PAT_1139_523_682_mask.png,1.1482486336663997
PAT_665_1260_16_mask.png,1.3543034577834465
PAT_958_1812_62_mask.png,1.2371011031379482
PAT_776_1466_241_mask.png,1.1916037643070787
PAT_1393_1356_371_mask.png,1.8714315844519
PAT_1983_4032_502_mask.png,5.662392319671436
PAT_747_1410_622_mask.png,1.298962149107246
PAT_269_415_906_mask.png,1.226494533986948
PAT_1950_3932_655_mask.png,1.3533237518474839
PAT_751_1497_215_mask.png,1.289190611616503
PAT_280_431_466_mask.png,1.344895072312906
PAT_996_6_622_mask.png,1.878338920080166
PAT_966_1825_546_mask.png,1.6350483958418867
PAT_974_1842_574_mask.png,2.1614677423221464
PAT_819_1541_727_mask.png,1.2544822148208687
PAT_500_947_77_mask.png,1.2783361983922479
PAT_691_1310_780_mask.png,1.4200408452810653
PAT_782_1494_418_mask.png,1.493428417690823
PAT_368_1652_733_mask.png,1.3407763793154501
PAT_788_1503_541_mask.png,1.2634628035186106
PAT_1498_1715_345_mask.png,1.741310142042358
PAT_797_1511_805_mask.png,2.6238076616554276
PAT_1705_3143_139_mask.png,1.2092699855633366
PAT_894_1680_410_mask.png,1.182440765857263
PAT_727_1373_718_mask.png,1.6849529720219474
PAT_30_41_815_mask.png,1.7955526218059756
PAT_1186_680_578_mask.png,1.295694035655113
PAT_183_283_602_mask.png,1.1345568484857613
PAT_651_1232_950_mask.png,2.8619551127634306
PAT_230_1009_92_mask.png,1.749210163055718
PAT_1439_1522_320_mask.png,1.5004889497481528
PAT_86_1109_164_mask.png,1.9693662683616222
PAT_453_883_719_mask.png,1.2276983156671062
PAT_936_80_886_mask.png,1.3154640218302107
PAT_715_1339_508_mask.png,1.1493457731949397
PAT_798_1772_469_mask.png,1.4593068004084147
PAT_126_190_376_mask.png,1.3889899410034474
PAT_822_1550_132_mask.png,1.4978311537947937
PAT_687_1304_898_mask.png,5.694856825017182
PAT_810_1526_639_mask.png,1.6073094547421576
PAT_63_1075_331_mask.png,1.2891146380233485
PAT_361_743_82_mask.png,1.6322189489428494
PAT_281_67_571_mask.png,1.2068249384248424
PAT_611_1158_156_mask.png,1.3509785771926284
PAT_668_1259_681_mask.png,1.144400669192174
PAT_1439_1521_868_mask.png,1.8650952288847558
PAT_766_71_458_mask.png,2.264442747726276
PAT_1794_3435_711_mask.png,4.103946426671123
PAT_143_213_489_mask.png,1.180811588630558
PAT_233_354_935_mask.png,1.2447349037802278
PAT_1707_3146_743_mask.png,1.3937947173446277
PAT_1981_4023_673_mask.png,1.5412336453332678
PAT_1937_3897_131_mask.png,1.2599850968082287
PAT_1955_3946_319_mask.png,1.377154077691966
PAT_920_1748_942_mask.png,5.779961265523965
PAT_1402_1377_959_mask.png,1.5984469104179653
PAT_15_23_240_mask.png,1.2480992347175284
PAT_677_1349_541_mask.png,1.491950998661183
PAT_1320_1135_471_mask.png,1.3266090186800785
PAT_383_777_129_mask.png,1.2101098609995509
PAT_656_1246_489_mask.png,1.6641349412577204
PAT_885_1687_823_mask.png,1.8266351544862294
PAT_101_1041_658_mask.png,1.286086293887702
PAT_200_304_139_mask.png,1.8344711254531176
PAT_181_12_158_mask.png,1.6979499379977847
PAT_477_915_389_mask.png,1.1931412743524747
PAT_93_361_467_mask.png,6.934047230826198
PAT_520_983_221_mask.png,1.4315898284689592
PAT_1066_281_698_mask.png,1.237617799367253
PAT_217_1290_283_mask.png,1.2428985484131154
PAT_756_1495_858_mask.png,9.878583329187226
PAT_1026_124_346_mask.png,1.1801266493777356
PAT_838_1585_282_mask.png,1.4440023583086439
PAT_1772_3346_66_mask.png,1.1741269030338999
PAT_1869_3663_335_mask.png,1.6016816097015583
PAT_467_904_235_mask.png,1.520058666731115
PAT_71_108_56_mask.png,2.013529555278531
PAT_300_1689_862_mask.png,1.2379515887590244
PAT_359_740_46_mask.png,1.1502912405893009
PAT_1331_1173_380_mask.png,1.34728332176459
PAT_1840_3612_959_mask.png,1.4755907383443085
PAT_164_255_119_mask.png,1.4209181583781696
PAT_265_407_421_mask.png,1.1770759840086567
PAT_106_159_325_mask.png,1.4390376704801158
PAT_1483_1678_538_mask.png,2.28901786785298
PAT_237_363_344_mask.png,1.384366692120409
PAT_1475_1651_727_mask.png,1.2811377616243136
PAT_414_822_420_mask.png,1.4563463231573135
PAT_610_1156_461_mask.png,1.5084974958798412
PAT_1344_1222_456_mask.png,1.1414133487810645
PAT_1129_498_930_mask.png,1.1895000842862793
PAT_107_160_609_mask.png,1.2085813153178806
PAT_1484_1682_240_mask.png,1.3761874754669818
PAT_1749_3288_409_mask.png,1.3912789568401127
PAT_891_1700_180_mask.png,1.2648668118908262
PAT_151_227_63_mask.png,1.9539260148722977
PAT_59_93_342_mask.png,1.1851179346155671
PAT_1021_112_40_mask.png,1.5322897073266666
PAT_1734_3240_299_mask.png,6.751253533580723
PAT_1014_86_861_mask.png,1.3275957129048666
PAT_406_1542_754_mask.png,5.820777645934669
PAT_667_1264_8_mask.png,1.6913883043317233
PAT_849_1612_143_mask.png,1.696620542782922
PAT_793_1512_327_mask.png,1.2133508896148668
PAT_445_871_524_mask.png,2.47681509064351
PAT_514_967_908_mask.png,1.2651282013676999
PAT_801_1518_78_mask.png,1.481915625665931
PAT_1821_3575_920_mask.png,1.8393169959551108
PAT_1345_1223_175_mask.png,5.455228307494091
PAT_108_424_944_mask.png,1.6567547249666057
PAT_71_108_617_mask.png,1.215292692013825
PAT_660_1249_469_mask.png,1.150135633339418
PAT_1203_724_762_mask.png,1.3012211385851054
PAT_311_666_191_mask.png,1.148395680253412
PAT_270_1382_561_mask.png,1.2273377381289965
PAT_1280_972_605_mask.png,1.2516879390651676
PAT_1620_2779_319_mask.png,1.2396946040304817
PAT_330_1437_458_mask.png,1.6052217187631874
PAT_923_1753_496_mask.png,1.305172083308957
PAT_949_1802_582_mask.png,1.163369944777569
PAT_2016_4160_868_mask.png,1.2499988534602087
PAT_631_1227_585_mask.png,1.6349434541953842
PAT_1415_1437_743_mask.png,6.934994207320108
PAT_1284_995_150_mask.png,1.5506357516498666
PAT_452_882_896_mask.png,1.4478128888123585
PAT_881_1681_462_mask.png,1.4364893846889029
PAT_34_47_108_mask.png,1.21738075491982
PAT_2008_4126_489_mask.png,2.6514068724077697
PAT_1244_840_975_mask.png,1.230566418131112
PAT_1639_2879_744_mask.png,1.1863196065624322
PAT_420_834_948_mask.png,1.2152089696140562
PAT_1708_3155_581_mask.png,1.3490010735087976
PAT_664_1263_781_mask.png,1.419819580951925
PAT_1029_135_983_mask.png,1.3177148478877356
PAT_816_1544_933_mask.png,1.6556379961553476
PAT_1551_1889_948_mask.png,1.107406116233935
PAT_38_1002_34_mask.png,2.4182413959800924
PAT_451_878_634_mask.png,2.1017674546397718
PAT_1065_276_231_mask.png,1.1877319046541739
PAT_396_796_394_mask.png,1.1868299257607877
PAT_490_933_17_mask.png,1.2183917295333355
PAT_656_1246_483_mask.png,1.282734379796903
PAT_297_4307_924_mask.png,1.3784590401920442
PAT_1304_3507_308_mask.png,1.1619891139406753
PAT_1449_1554_932_mask.png,1.2871231440471875
PAT_296_640_206_mask.png,1.1682794041345617
PAT_247_1293_449_mask.png,1.2663813655275549
PAT_948_1800_310_mask.png,2.189657808531549
PAT_417_3537_45_mask.png,1.168038395968195
PAT_2024_4221_632_mask.png,5.618358424427121
PAT_316_1457_353_mask.png,1.4648724241809614
PAT_43_1017_483_mask.png,1.2711025549371069
PAT_1350_1230_925_mask.png,1.3029045173244973
PAT_1818_3570_577_mask.png,1.1540962611628047
PAT_354_731_155_mask.png,1.1306800046486458
PAT_834_1574_276_mask.png,1.1609884656191118
PAT_813_1619_543_mask.png,1.3509542871317644
PAT_835_1578_592_mask.png,1.124273825306541
PAT_794_1507_723_mask.png,1.2480455533215489
PAT_41_57_2_mask.png,1.3254251794721323
PAT_1733_3239_934_mask.png,1.2290272064954426
PAT_1063_268_919_mask.png,1.2099657650541755
PAT_1333_1177_434_mask.png,1.2157505541102736
PAT_899_1702_32_mask.png,1.2361346235488004
PAT_1174_628_915_mask.png,1.2494911321150461
PAT_380_774_185_mask.png,1.3734654269526168
PAT_342_716_316_mask.png,1.1503690777808648
PAT_994_1866_730_mask.png,1.5298261704533345
PAT_142_210_904_mask.png,1.1707314390817087
PAT_497_943_580_mask.png,1.1868313251133134
PAT_714_1337_914_mask.png,1.3012748028129169
PAT_352_729_947_mask.png,1.4800277540703157
PAT_1615_2749_350_mask.png,1.357168267983144
PAT_1057_242_297_mask.png,1.182153453038052
PAT_163_254_719_mask.png,1.3257041423007663
PAT_139_207_342_mask.png,6.250054226433078
PAT_279_429_142_mask.png,1.1546292849553912
PAT_1735_3242_27_mask.png,1.1589714092748518
PAT_2122_4642_204_mask.png,1.962721846875004
PAT_230_1007_645_mask.png,1.4520197612559154
PAT_456_888_961_mask.png,1.4446428607406068
PAT_2006_4123_719_mask.png,1.2286694521722725
PAT_918_1742_456_mask.png,1.2569106021090846
PAT_1588_2629_296_mask.png,1.4060284235282912
PAT_980_1849_295_mask.png,5.560027328470849
PAT_649_1233_229_mask.png,1.1758153925167918
PAT_430_848_550_mask.png,1.3300433052070744
PAT_253_384_607_mask.png,1.147712906658244
PAT_465_901_627_mask.png,1.214412594074043
PAT_170_264_785_mask.png,1.1599694876174662
PAT_815_1533_460_mask.png,2.048303736130181
PAT_369_755_391_mask.png,1.4047546042598251
PAT_131_197_974_mask.png,1.1853753596174168
PAT_1209_737_590_mask.png,1.4051713448474847
PAT_360_742_782_mask.png,1.4527160649636737
PAT_803_1522_907_mask.png,1.1968676031594674
PAT_1550_1886_849_mask.png,1.756244808432879
PAT_532_3216_633_mask.png,1.1321736961290714
PAT_388_1590_169_mask.png,1.247667785194878
PAT_1988_4052_897_mask.png,1.2239253917470145
PAT_814_1532_265_mask.png,1.2083303337952516
PAT_406_808_560_mask.png,5.942342895845322
PAT_1914_3822_863_mask.png,1.2047042381359034
PAT_1605_2715_845_mask.png,1.3830217908924396
PAT_1452_1564_509_mask.png,3.379637757446688
PAT_373_761_708_mask.png,1.2450574423297058
PAT_355_732_102_mask.png,6.035984275523424
PAT_1555_2396_71_mask.png,1.2927243947907556
PAT_2065_4412_407_mask.png,1.1887335892717585
PAT_948_1801_993_mask.png,1.2318218855893457
PAT_1322_1137_201_mask.png,1.4201194258937235
PAT_82_125_365_mask.png,1.1690275833683421
PAT_196_300_749_mask.png,1.2435040275542923
PAT_1249_861_810_mask.png,1.2156142148650744
PAT_154_236_800_mask.png,1.2035400403465457
PAT_478_916_979_mask.png,1.4342531618391763
PAT_207_313_709_mask.png,1.5322493406351843
PAT_1701_3135_5_mask.png,1.4133933412224384
PAT_1582_2574_989_mask.png,1.6105405419067702
PAT_1682_3050_600_mask.png,1.1678667272416288
PAT_531_1004_792_mask.png,5.829423731922995
PAT_306_1646_971_mask.png,1.5478562170146064
PAT_1347_1226_928_mask.png,1.56097651493842
PAT_1946_3924_929_mask.png,1.285911894285343
PAT_114_173_213_mask.png,1.6867430131868912
PAT_728_68_952_mask.png,1.1944514751429258
PAT_115_1138_970_mask.png,4.2051997059185915
PAT_742_1470_834_mask.png,6.444696398350896
PAT_409_2614_805_mask.png,1.2410293318069852
PAT_1000_31_620_mask.png,1.8460668886907277
PAT_963_1820_823_mask.png,1.4089282003206764
PAT_1940_3902_876_mask.png,1.2155546357684994
PAT_478_916_806_mask.png,1.3008360506984775
PAT_1492_1705_578_mask.png,1.2020215101145615
PAT_536_3227_442_mask.png,1.2202592503028733
PAT_757_1431_907_mask.png,1.1582987813302672
PAT_908_1726_939_mask.png,1.2484163815637888
PAT_1855_3641_327_mask.png,4.497740399520738
PAT_265_407_137_mask.png,1.6053162569732184
PAT_1428_1489_454_mask.png,1.4033241409982347
PAT_386_785_536_mask.png,1.225565315001511
PAT_345_719_815_mask.png,1.214698746670064
PAT_1731_3237_919_mask.png,1.1603866830935161
PAT_1586_2624_615_mask.png,1.175100045128278
PAT_824_1561_796_mask.png,1.2139437556650465
PAT_541_3303_228_mask.png,1.9172244773037705
PAT_1299_1055_591_mask.png,1.2549876522899701
PAT_800_1513_509_mask.png,1.223115835640875
PAT_312_668_480_mask.png,1.3047666224849275
PAT_655_926_447_mask.png,2.0087680377324424
PAT_982_1852_526_mask.png,1.39823292691661
PAT_419_2767_323_mask.png,1.3125371515088111
PAT_1408_1404_929_mask.png,1.4322132540685957
PAT_583_1112_886_mask.png,1.546218366791694
PAT_260_400_566_mask.png,1.158561799445104
PAT_1571_2484_488_mask.png,5.240944475298564
PAT_1480_1673_701_mask.png,1.1839473355123182
PAT_471_909_353_mask.png,1.942698383990026
PAT_709_1331_253_mask.png,1.463580122843851
PAT_857_1628_916_mask.png,4.97956911612833
PAT_220_1343_489_mask.png,1.6041891317099446
PAT_815_1535_536_mask.png,1.1978311135974804
PAT_479_917_598_mask.png,1.1657469831566052
PAT_658_1266_149_mask.png,1.7827952692401383
PAT_53_81_522_mask.png,1.2572973316604548
PAT_738_1552_843_mask.png,1.366248275037612
PAT_53_1144_892_mask.png,1.5847104961588356
PAT_158_621_68_mask.png,1.746644036104557
PAT_976_1837_861_mask.png,1.28567458668421
PAT_1267_912_371_mask.png,1.1871785258441796
PAT_1547_1874_432_mask.png,1.2786248908051738
PAT_561_1068_557_mask.png,5.274451248893084
PAT_492_937_126_mask.png,1.3071676026310108
PAT_432_851_560_mask.png,1.285384998037023
PAT_1984_4038_265_mask.png,1.2586361583197374
PAT_872_1708_841_mask.png,1.4048224420300228
PAT_822_1551_573_mask.png,7.18715183989763
PAT_838_1587_73_mask.png,1.3232382580885107
PAT_684_1302_588_mask.png,1.2064214849344876
PAT_605_1152_536_mask.png,1.2754287305350736
PAT_1151_551_241_mask.png,1.238134316352404
PAT_359_4450_86_mask.png,1.2175562180654609
PAT_388_1592_850_mask.png,1.3670211635928606
PAT_701_1321_156_mask.png,1.2268642744463174
PAT_673_1276_752_mask.png,1.2495956330265525
PAT_666_1269_65_mask.png,1.271292191140622
PAT_262_402_14_mask.png,1.3174051110269154
PAT_999_20_540_mask.png,8.752041164405489
PAT_858_1631_427_mask.png,2.1107234726667836
PAT_480_921_1_mask.png,1.1506813187015696
PAT_566_178_625_mask.png,1.1806094892620655
PAT_59_93_573_mask.png,1.4827092340646422
PAT_834_1572_430_mask.png,1.5494065416020797
PAT_1400_1372_276_mask.png,1.1811872832918417
PAT_1171_615_468_mask.png,1.2030228812237664
PAT_123_187_164_mask.png,1.4103527426297497
PAT_159_245_181_mask.png,6.618761969329251
PAT_375_764_705_mask.png,1.4266769759775428
PAT_286_1459_666_mask.png,1.18168909749314
PAT_8_15_820_mask.png,1.25154737480192
PAT_1535_1812_660_mask.png,1.1886142289809503
PAT_860_1641_998_mask.png,1.2224535642140602
PAT_856_1626_523_mask.png,1.3784821048955
PAT_251_382_576_mask.png,1.3231527947145365
PAT_1673_3011_440_mask.png,2.257979944861802
PAT_354_1817_500_mask.png,1.2396896839931406
PAT_90_138_605_mask.png,1.2792388389536213
PAT_660_1249_373_mask.png,1.1618635208812018
PAT_1414_1431_754_mask.png,1.1868752099995217
PAT_535_1011_567_mask.png,1.2461282620246994
PAT_422_837_617_mask.png,1.253588320531206
PAT_545_1030_854_mask.png,1.3916861811463404
PAT_230_1008_673_mask.png,1.278705228305963
PAT_2106_4590_227_mask.png,1.3301721268286464
PAT_321_682_236_mask.png,1.1487789232874046
PAT_152_230_934_mask.png,1.159852581779224
PAT_858_1632_977_mask.png,1.618546248421377
PAT_291_446_704_mask.png,1.2953850953859372
PAT_340_714_68_mask.png,1.5023829926921615
PAT_1282_978_328_mask.png,1.8110435150625195
PAT_430_847_315_mask.png,1.451684967669351
PAT_1264_907_674_mask.png,1.1724197667022673
PAT_277_426_825_mask.png,1.1256934158054326
PAT_1608_2720_196_mask.png,1.1448151994233005
PAT_1450_1556_114_mask.png,1.284841377524848
PAT_2042_4301_636_mask.png,1.3424835931362373
PAT_1315_1110_317_mask.png,1.3574266861475122
PAT_448_875_81_mask.png,1.3446090721967128
PAT_43_61_210_mask.png,2.8484830891126296
PAT_522_3168_747_mask.png,6.607898229039928
PAT_245_376_197_mask.png,1.6729584205705903
PAT_834_1572_973_mask.png,1.4054680495395773
PAT_1249_862_658_mask.png,1.182875492019813
PAT_930_1760_560_mask.png,1.156884348691379
PAT_93_361_51_mask.png,1.4322980684454618
PAT_482_2928_201_mask.png,1.175283978663678
PAT_46_879_386_mask.png,1.545072125464955
PAT_492_1782_752_mask.png,1.8592368499238234
PAT_58_91_845_mask.png,1.229679001275889
PAT_188_289_908_mask.png,1.3214308492611004
PAT_1277_964_77_mask.png,1.5405645047244796
PAT_1031_148_66_mask.png,1.1880613721612947
PAT_97_151_503_mask.png,1.3763100174143308
PAT_957_87_77_mask.png,1.621008247890684
PAT_164_255_130_mask.png,1.4966387524423352
PAT_181_281_54_mask.png,1.3284371654151466
PAT_110_397_52_mask.png,8.208047566936385
PAT_564_1079_430_mask.png,1.4204794717800953
PAT_38_1003_68_mask.png,2.001943913376739
PAT_316_674_924_mask.png,1.853214162337058
PAT_1350_1230_878_mask.png,1.1683392875111906
PAT_1641_2886_284_mask.png,1.3174627124416238
PAT_716_1345_460_mask.png,1.1610840944461085
PAT_93_361_203_mask.png,1.3199657324738543
PAT_1942_3915_388_mask.png,1.2994868952887262
PAT_1472_1639_87_mask.png,1.1230213663689912
PAT_698_1319_166_mask.png,1.1864308642869485
PAT_455_885_115_mask.png,5.887936422122393
PAT_620_1176_980_mask.png,1.3604655591018648
PAT_1067_284_533_mask.png,1.1771447257373302
PAT_1481_1674_735_mask.png,1.2881620808843217
PAT_2066_4417_201_mask.png,1.235682940976652
PAT_330_697_575_mask.png,1.7093100387298859
PAT_601_1147_943_mask.png,3.2210726034795694
PAT_931_1763_617_mask.png,1.6487441537170187
PAT_886_1684_297_mask.png,1.151749741171106
PAT_16_24_691_mask.png,1.1169180361593334
PAT_1317_1130_656_mask.png,1.213781347945018
PAT_1798_3455_379_mask.png,1.2702463565122257
PAT_354_1814_153_mask.png,1.191102658802015
PAT_304_4186_458_mask.png,3.6468147339004418
PAT_535_1010_303_mask.png,1.179421111547944
PAT_1407_1402_500_mask.png,1.3425872635234328
PAT_972_1843_756_mask.png,1.6478802290817018
PAT_785_1479_108_mask.png,1.1568957012287169
PAT_931_1761_380_mask.png,1.1876718227997625
PAT_83_126_820_mask.png,1.1780737733478837
PAT_838_1586_622_mask.png,1.1671120051115391
PAT_38_53_198_mask.png,1.2485067436327768
PAT_524_987_738_mask.png,1.1695646102688895
PAT_1573_2499_849_mask.png,3.0243310663727034
PAT_110_165_583_mask.png,1.2395918751890636
PAT_1180_650_843_mask.png,7.093818808026964
PAT_655_1245_807_mask.png,1.6954512859777184
PAT_478_1829_281_mask.png,1.6281732902705974
PAT_599_1140_399_mask.png,1.2970288909594243
PAT_812_1625_430_mask.png,1.196476650642751
PAT_1340_1207_304_mask.png,1.2935329517893364
PAT_75_113_165_mask.png,1.205527014095362
PAT_433_852_20_mask.png,1.31808340467643
PAT_1947_3926_165_mask.png,1.4009379230012424
PAT_880_1674_223_mask.png,1.9708208267474145
PAT_954_1808_415_mask.png,1.7608519300525294
PAT_1765_3337_365_mask.png,1.1979068915198274
PAT_1721_3219_737_mask.png,1.652550072548865
PAT_471_909_394_mask.png,1.8552904700587731
PAT_912_1729_244_mask.png,1.3255282462389626
PAT_711_4067_260_mask.png,1.2592421018311302
PAT_212_327_532_mask.png,1.1770277558726925
PAT_1427_1485_119_mask.png,1.7269777573913274
PAT_877_4672_612_mask.png,1.250045727513078
PAT_271_418_92_mask.png,1.1612153575471944
PAT_861_1639_823_mask.png,1.2212449137959815
PAT_823_1558_870_mask.png,2.4236141324275287
PAT_306_658_825_mask.png,1.2429792725039894
PAT_851_1623_815_mask.png,1.2149594306006652
PAT_1074_322_864_mask.png,5.5739458682736025
PAT_615_1168_968_mask.png,1.2073848889674597
PAT_1377_3512_370_mask.png,1.3684845835502737
PAT_624_1179_323_mask.png,4.984371769960725
PAT_2155_4784_483_mask.png,1.154985848135081
PAT_1027_128_854_mask.png,1.3695379814586723
PAT_827_1601_859_mask.png,1.5757172811740745
PAT_324_1464_266_mask.png,2.113786432169134
PAT_737_1394_936_mask.png,1.3357165278690992
PAT_1591_2648_723_mask.png,1.2063980517594741
PAT_338_709_306_mask.png,1.1502645549018453
PAT_1122_479_664_mask.png,1.1816262100889972
PAT_705_4015_413_mask.png,2.0140770759430175
PAT_1411_1415_723_mask.png,1.4253817433537197
PAT_215_330_341_mask.png,5.184682852094969
PAT_684_1303_368_mask.png,6.228887741747699
PAT_31_42_680_mask.png,1.6712174562390412
PAT_1220_765_464_mask.png,1.9438969646843522
PAT_406_808_975_mask.png,1.1295537656515278
PAT_307_659_85_mask.png,1.1684406452990423
PAT_570_1084_637_mask.png,1.2872019923004674
PAT_308_661_184_mask.png,3.3216549214164677
PAT_301_649_533_mask.png,1.5637834737349874
PAT_337_706_598_mask.png,1.3003878673751648
PAT_796_1509_400_mask.png,1.2487390692338685
PAT_1407_1402_347_mask.png,1.2527546641887348
PAT_46_881_14_mask.png,1.3776280040050242
PAT_104_1756_151_mask.png,1.4582921594392102
PAT_534_32_924_mask.png,1.1663587645675757
PAT_2082_4491_519_mask.png,5.9897988271866955
PAT_1071_312_841_mask.png,1.5301444960220292
PAT_621_1182_456_mask.png,1.1656775702246924
PAT_852_1629_265_mask.png,1.631271795794445
PAT_897_1704_988_mask.png,2.367527538087953
PAT_520_983_932_mask.png,7.110041834892539
PAT_330_698_211_mask.png,1.2668676365751013
PAT_136_203_436_mask.png,1.2214869037243707
PAT_466_903_893_mask.png,1.6449122511574723
PAT_510_959_985_mask.png,1.244894428374726
PAT_1594_2656_679_mask.png,1.3037274970097823
PAT_1252_866_852_mask.png,1.173792862953758
PAT_21_982_266_mask.png,1.243125827269159
PAT_691_1311_890_mask.png,2.012572916781428
PAT_351_728_683_mask.png,1.1846602089188965
PAT_1063_270_593_mask.png,1.833456888804161
PAT_219_337_358_mask.png,1.8738911825276092
PAT_798_1770_256_mask.png,4.113665555284687
PAT_416_824_540_mask.png,5.62787749107966
PAT_2150_4766_754_mask.png,2.4892445267790886
PAT_728_1381_63_mask.png,5.526764429607183
PAT_1408_1406_950_mask.png,1.1803371327060594
PAT_905_1721_327_mask.png,1.1516185003714012
PAT_1334_1178_413_mask.png,1.1813774318863144
PAT_682_1292_978_mask.png,1.1154560070799997
PAT_981_1848_486_mask.png,1.2558170273200866
PAT_305_655_30_mask.png,1.2360627427289415
PAT_190_291_366_mask.png,1.5178559412447166
PAT_433_2650_417_mask.png,1.1851557262705017
PAT_528_992_124_mask.png,1.152381670412454
PAT_177_275_905_mask.png,1.3012083101042966
PAT_821_1547_77_mask.png,1.5149010585895297
PAT_141_209_438_mask.png,1.1602789401082385
PAT_1526_1792_482_mask.png,1.359930047778419
PAT_532_28_854_mask.png,1.3115667782006368
PAT_40_56_499_mask.png,1.4688888012577328
PAT_117_2_983_mask.png,2.1718047623946246
PAT_1666_2985_968_mask.png,1.197246794829649
PAT_2026_4230_141_mask.png,2.9524932162481092
PAT_148_220_174_mask.png,7.923603154404075
PAT_213_328_117_mask.png,6.701108641544135
PAT_1185_679_115_mask.png,6.504480958719652
PAT_579_1100_988_mask.png,1.7701688139202334
PAT_795_1508_925_mask.png,1.3314717770241764
PAT_273_421_905_mask.png,1.1500394277718025
PAT_1479_1669_376_mask.png,1.1616121052752415
PAT_604_34_336_mask.png,1.129642699496458
PAT_1529_1798_206_mask.png,1.8025594133017595
PAT_325_1506_440_mask.png,1.5569890561348874
PAT_51_78_959_mask.png,2.0859703084260857
PAT_313_669_908_mask.png,1.2500477199153839
PAT_1547_4231_928_mask.png,1.1147405071322891
PAT_662_1251_380_mask.png,1.4784271992366314
PAT_387_786_782_mask.png,1.1679147732979709
PAT_1314_1108_442_mask.png,1.5047903211241764
PAT_866_1649_674_mask.png,1.1929816139522325
PAT_1068_285_845_mask.png,1.3923710244540437
PAT_1468_3656_337_mask.png,1.2344070319451383
PAT_587_3431_6_mask.png,1.4964574286447458
PAT_1332_1174_839_mask.png,1.1440809250514183
PAT_983_1854_274_mask.png,6.821538602643982
PAT_1133_510_956_mask.png,2.3887085558191035
PAT_986_1855_702_mask.png,2.1645812702938696
PAT_492_4723_890_mask.png,1.2963355698836252
PAT_742_1402_818_mask.png,1.3536769180393295
PAT_1725_3222_943_mask.png,1.556794602884379
PAT_240_366_768_mask.png,1.2169888349646858
PAT_377_1580_429_mask.png,1.656688940296618
PAT_1036_169_687_mask.png,1.282758969941061
PAT_257_395_866_mask.png,1.1271175903806525
PAT_1904_3794_215_mask.png,1.1896980680824039
PAT_856_1626_630_mask.png,1.121936267738723
PAT_960_1816_662_mask.png,1.2592423031552844
PAT_392_792_22_mask.png,1.7683900882825447
PAT_282_433_934_mask.png,1.666839713749354
PAT_1707_3148_237_mask.png,3.190719684715912
PAT_1075_324_177_mask.png,1.209011266318645
PAT_904_1736_851_mask.png,1.1855709694876113
PAT_747_1409_116_mask.png,1.2494926046812425
PAT_915_79_667_mask.png,1.5534413054812597
PAT_712_1335_359_mask.png,1.6604944125182952
PAT_693_1313_304_mask.png,1.3533438436321967
PAT_79_120_532_mask.png,2.1862103446172423
PAT_823_1556_787_mask.png,2.3778070946971446
PAT_1730_3236_201_mask.png,1.2755088510202939
PAT_537_1014_452_mask.png,1.1346486058146732
PAT_228_348_535_mask.png,1.2620893149317667
PAT_684_1303_178_mask.png,1.8934172644148122
PAT_841_1603_667_mask.png,1.2531178199481523
PAT_822_1551_642_mask.png,1.2872675166756307
PAT_1780_3381_999_mask.png,1.169295910838472
PAT_274_423_374_mask.png,1.1904953145320403
PAT_471_909_344_mask.png,2.255039080664436
PAT_40_56_160_mask.png,1.1601569233103244
PAT_498_944_488_mask.png,1.1373855124193357
PAT_633_1199_745_mask.png,1.2755429329022558
PAT_1308_1095_117_mask.png,1.4078647034154268
PAT_36_50_14_mask.png,1.5285938272785
PAT_935_1781_341_mask.png,1.1737613766940969
PAT_628_1191_564_mask.png,1.1604395146808513
PAT_735_1391_683_mask.png,1.641286834593029
PAT_590_1121_504_mask.png,1.2408778498907358
PAT_330_695_90_mask.png,1.1162743684640135
PAT_763_1439_668_mask.png,6.37889225603588
PAT_2018_4167_11_mask.png,2.502388273984336
PAT_288_441_312_mask.png,1.121279660903251
PAT_798_1771_240_mask.png,1.1867378081812259
PAT_1730_3236_7_mask.png,1.4299555407039095
PAT_1754_3306_816_mask.png,2.77982837927722
PAT_1374_1285_735_mask.png,1.2174557100832037
PAT_46_880_308_mask.png,1.4723222709982977
PAT_1570_2472_418_mask.png,1.3232376850264238
PAT_791_1487_906_mask.png,1.1482728612961066
PAT_1351_1231_203_mask.png,1.3880233702206388
PAT_1379_1300_924_mask.png,1.4680086118767646
PAT_1922_3848_451_mask.png,1.1424623546398553
PAT_1636_2869_595_mask.png,1.4174928682071042
PAT_1960_3957_864_mask.png,1.3921750345644532
PAT_2093_4542_192_mask.png,2.2065916042274822
PAT_373_2598_235_mask.png,6.357665280538949
PAT_118_180_500_mask.png,6.186608828483884
PAT_796_1510_361_mask.png,1.2638785981981677
PAT_637_1434_570_mask.png,1.1836877867848008
PAT_1819_3569_217_mask.png,1.6561364180367415
PAT_326_690_823_mask.png,1.1794916303817995
PAT_173_268_1000_mask.png,1.1517738934844468
PAT_435_854_68_mask.png,1.6832415995771224
PAT_208_314_741_mask.png,1.2615802936788907
PAT_711_1334_344_mask.png,1.2313620714212208
PAT_2036_4281_271_mask.png,1.6461983240007907
PAT_211_319_777_mask.png,1.2336821569844771
PAT_83_126_513_mask.png,1.169137790388694
PAT_1833_3599_827_mask.png,1.2438682163014212
PAT_1066_281_99_mask.png,1.1277586995075186
PAT_259_399_801_mask.png,1.4779532943032412
PAT_624_1180_803_mask.png,1.4512401631112641
PAT_74_112_729_mask.png,1.3701807362210863
PAT_61_299_74_mask.png,1.1882497932263072
PAT_2076_4459_450_mask.png,1.3322285148738415
PAT_378_770_302_mask.png,1.3135279828262847
PAT_1951_3934_98_mask.png,1.1842543330538644
PAT_1482_1677_382_mask.png,1.368201506870994
PAT_1300_1056_532_mask.png,2.011228244942528
PAT_299_1452_1_mask.png,2.293585344381599
PAT_398_799_163_mask.png,1.44149132978636
PAT_1275_955_131_mask.png,1.2812993537271062
PAT_243_372_640_mask.png,1.3027837653191952
PAT_193_297_295_mask.png,1.6410462990779573
PAT_1790_3427_723_mask.png,1.278444748772146
PAT_2077_4463_77_mask.png,5.887377002563127
PAT_1764_3336_981_mask.png,1.181958070104419
PAT_876_1665_386_mask.png,1.2982837458442638
PAT_307_52_363_mask.png,1.253476322913351
PAT_1585_2619_396_mask.png,1.2007304783565562
PAT_980_1851_351_mask.png,1.8593268826410774
PAT_76_1039_269_mask.png,1.8151217627598966
PAT_290_445_686_mask.png,1.1729712946607465
PAT_753_1833_710_mask.png,1.3319825490248924
PAT_422_837_683_mask.png,1.201718383042917
PAT_191_293_314_mask.png,1.5497393357899842
PAT_566_179_23_mask.png,1.9981259101725526
PAT_506_957_377_mask.png,1.786724557915513
PAT_1180_651_559_mask.png,1.4417543294777646
PAT_654_1244_16_mask.png,1.3414955001969109
PAT_1650_2913_374_mask.png,1.4219065957441703
PAT_365_750_854_mask.png,1.6514741857541095
PAT_366_2448_563_mask.png,1.5371817542241168
PAT_935_1785_530_mask.png,1.337230576750495
PAT_996_6_367_mask.png,1.3134808063386736
PAT_263_1480_753_mask.png,1.7773359022025785
PAT_63_99_189_mask.png,1.1523274241430175
PAT_15_1001_749_mask.png,1.6951994540674526
PAT_888_72_268_mask.png,1.5749599882556504
PAT_1202_722_827_mask.png,6.71898707894022
PAT_582_1363_358_mask.png,1.2136690753417925
PAT_386_1554_280_mask.png,3.949875882384346
PAT_380_1540_432_mask.png,1.7293751127107275
PAT_251_382_164_mask.png,1.2358568860536983
PAT_2088_4525_507_mask.png,1.2209108872534389
PAT_1552_1895_190_mask.png,1.4018681096944186
PAT_581_1114_116_mask.png,1.3879841621707694
PAT_1433_1499_29_mask.png,1.2946805288693237
PAT_168_262_74_mask.png,1.2998393664410368
PAT_358_738_837_mask.png,1.372894468605073
PAT_875_1668_588_mask.png,1.140249009347354
PAT_154_235_30_mask.png,1.2627732893656167
PAT_2159_4792_718_mask.png,1.1693530204100342
PAT_2048_4333_63_mask.png,1.2492227689060307
PAT_1572_2494_224_mask.png,1.705928873131569
PAT_485_928_796_mask.png,1.4753900202935224
PAT_1871_3666_675_mask.png,1.2385428133896532
PAT_535_1012_145_mask.png,1.37351415019417
PAT_1575_2516_618_mask.png,1.324417109627279
PAT_883_1682_256_mask.png,1.2523537614189175
PAT_90_138_369_mask.png,1.134681870621827
PAT_346_720_265_mask.png,1.1333658625187848
PAT_187_287_482_mask.png,1.7949954608375143
PAT_962_1823_857_mask.png,1.2621725035421834
PAT_1105_420_520_mask.png,1.5711796961443876
PAT_73_111_609_mask.png,1.4551771318036335
PAT_522_985_991_mask.png,1.1797248778064744
PAT_1842_3615_850_mask.png,1.2980602312716552
PAT_838_1585_979_mask.png,5.607419006566071
PAT_268_413_643_mask.png,1.2723130159214533
PAT_413_819_550_mask.png,1.178511069605914
PAT_549_1043_36_mask.png,1.7533933704086484
PAT_162_252_773_mask.png,1.7371594141065438
PAT_968_1835_721_mask.png,1.1868741896621482
PAT_191_294_419_mask.png,1.7669963844499619
PAT_504_953_569_mask.png,1.6406901916195675
PAT_460_893_307_mask.png,1.909881187477367
PAT_1832_3597_594_mask.png,1.1872501033860352
PAT_993_1865_559_mask.png,1.387996711130526
PAT_357_737_77_mask.png,1.2186548767607244
PAT_571_1096_10_mask.png,1.2260509580639116
PAT_874_1672_287_mask.png,1.3012435745431823
PAT_317_675_144_mask.png,1.5377067578977166
PAT_616_1169_3_mask.png,1.1440454818447898
PAT_2162_4820_913_mask.png,1.3165478322729451
PAT_2097_4557_241_mask.png,1.1328358484008891
PAT_1619_2774_616_mask.png,1.1591991795028276
PAT_72_110_647_mask.png,1.1876982830875975
PAT_942_1792_411_mask.png,1.5353676591252812
PAT_800_1514_512_mask.png,1.375920492060467
PAT_1506_1735_733_mask.png,1.2138789412007347
PAT_85_129_896_mask.png,10.087808366022621
PAT_1575_2516_23_mask.png,2.0130477930445907
PAT_1245_844_471_mask.png,1.5177839540382878
PAT_369_755_733_mask.png,1.3490525729931173
PAT_753_1427_496_mask.png,1.4194663337798097
PAT_159_244_102_mask.png,1.7569198627521723
PAT_237_362_52_mask.png,1.4141797864809076
PAT_1216_760_593_mask.png,1.6221613118644103
PAT_207_1280_15_mask.png,1.1713131731257593
PAT_131_197_260_mask.png,1.2886498321277617
PAT_135_202_695_mask.png,1.2701118641633764
PAT_489_932_138_mask.png,1.328432965956644
PAT_1993_4077_139_mask.png,1.5704005331048942
PAT_934_1777_423_mask.png,1.9032670344552065
PAT_1633_2855_594_mask.png,1.531118200081237
PAT_1577_2543_510_mask.png,1.3720893544119124
PAT_559_1093_774_mask.png,1.9233673456009452
PAT_1978_4004_82_mask.png,1.3713227175350204
PAT_464_1794_271_mask.png,8.901850402583326
PAT_805_1517_647_mask.png,1.3102658107618887
PAT_202_25_942_mask.png,1.6089138347937022
PAT_737_1394_308_mask.png,1.3530602333534352
PAT_632_1206_634_mask.png,1.4597148055731086
PAT_2115_4613_260_mask.png,1.2812432905275142
PAT_88_1_64_mask.png,1.2646562059112312
PAT_439_2887_834_mask.png,1.2025361442738287
PAT_246_377_159_mask.png,1.3737574478581729
PAT_1536_1819_562_mask.png,1.3082866128004844
PAT_354_1814_726_mask.png,2.5640183584512832
PAT_108_162_660_mask.png,1.1576819619664898
PAT_1495_1708_278_mask.png,1.3730837411236916
PAT_1312_1102_578_mask.png,1.3925057188547492
PAT_370_758_322_mask.png,1.2777710665938735
PAT_875_1669_946_mask.png,1.8645739891812223
PAT_1393_1354_535_mask.png,1.3683331960804512
PAT_665_1262_774_mask.png,1.2123164143676677
PAT_1278_966_295_mask.png,1.5336205494248076
PAT_1931_3879_727_mask.png,1.2513514566491049
PAT_370_2558_573_mask.png,2.803024410609687
PAT_46_879_225_mask.png,1.7611291967651284
PAT_356_4511_960_mask.png,1.3321756051906155
PAT_146_217_187_mask.png,1.4009015369808435
PAT_1690_3082_117_mask.png,1.2294024604699227
PAT_277_36_814_mask.png,1.4716098266076716
PAT_132_198_114_mask.png,1.5539538097867636
PAT_1813_3562_195_mask.png,1.2967407544613125
PAT_1064_273_980_mask.png,1.249921275611785
PAT_153_1200_541_mask.png,1.4493989036852932
PAT_1837_3608_851_mask.png,1.1627042248497623
PAT_621_1183_56_mask.png,1.1973154821218874
PAT_479_919_97_mask.png,1.6942543889926762
PAT_645_1222_140_mask.png,1.1817718818142982
PAT_99_153_636_mask.png,1.5242941716324483
PAT_2085_4506_726_mask.png,1.197810882049665
PAT_1374_1286_775_mask.png,1.6037406475704554
PAT_745_1406_409_mask.png,1.325163961555402
PAT_545_1029_650_mask.png,1.4276104262628586
PAT_86_1082_220_mask.png,2.7111764167987302
PAT_895_1699_872_mask.png,1.3596457519765763
PAT_419_832_706_mask.png,1.5089134551561174
PAT_2088_4524_465_mask.png,1.1879182271693558
PAT_359_741_973_mask.png,1.7384555627048408
PAT_923_1753_706_mask.png,1.2913971977429894
PAT_158_243_947_mask.png,1.3257411356281161
PAT_1017_97_577_mask.png,1.226616366540865
PAT_677_1349_851_mask.png,1.2126708349054127
PAT_384_782_292_mask.png,1.2171702797285464
PAT_460_894_401_mask.png,1.3767569730563656
PAT_386_784_470_mask.png,1.1704017081709381
PAT_397_797_638_mask.png,1.7469030065314615
PAT_1431_1495_931_mask.png,2.0955798815003432
PAT_412_817_232_mask.png,1.315610865321919
PAT_87_133_159_mask.png,5.021605834013598
PAT_9_17_80_mask.png,2.294764908647631
PAT_1316_1114_517_mask.png,1.3968066361956977
PAT_835_1577_938_mask.png,2.3076272283537627
PAT_219_336_376_mask.png,1.1504584335060464
PAT_596_1146_294_mask.png,1.1683478838950208
PAT_1528_1795_12_mask.png,1.6083307501417519
PAT_729_45_390_mask.png,2.457666355597111
PAT_815_1536_963_mask.png,1.2538748064219087
PAT_537_1014_961_mask.png,2.178983610567448
PAT_837_1583_124_mask.png,1.3760316306402596
PAT_172_266_950_mask.png,2.3030325434953736
PAT_830_1564_740_mask.png,1.2098795563727935
PAT_789_1483_793_mask.png,1.4521790521361075
PAT_792_4351_858_mask.png,1.1862208134126755
PAT_260_400_842_mask.png,1.2411410227338031
PAT_996_6_886_mask.png,1.3475670279023613
PAT_1141_526_416_mask.png,1.6155184162410705
PAT_621_3591_171_mask.png,1.1348909524415476
PAT_211_317_649_mask.png,2.1013750864635674
PAT_1376_1297_686_mask.png,1.1815455594301991
PAT_161_250_338_mask.png,1.5047771358818784
PAT_955_1810_892_mask.png,1.199681479087498
PAT_2123_4647_95_mask.png,6.832871918308614
PAT_179_278_331_mask.png,1.2746538117678292
PAT_1942_3917_379_mask.png,1.168547722493502
PAT_645_1461_111_mask.png,5.32731230774384
PAT_565_1073_749_mask.png,1.7239869674107142
PAT_2154_4783_625_mask.png,1.3678288806216223
PAT_547_1033_445_mask.png,1.6251234096494231
PAT_625_1184_412_mask.png,1.15425173675188
PAT_809_1528_118_mask.png,1.1663147634035123
PAT_854_1635_103_mask.png,1.4103367415753256
PAT_451_878_890_mask.png,1.9186660721561881
PAT_833_1571_134_mask.png,5.525513767450829
PAT_513_964_447_mask.png,1.286292375006795
PAT_943_1793_256_mask.png,6.534282986528237
PAT_13_21_350_mask.png,1.324574490078529
PAT_573_1090_164_mask.png,1.1462527161823297
PAT_1764_3335_366_mask.png,1.4709012354181765
PAT_473_911_630_mask.png,2.2006267995044837
PAT_876_1666_961_mask.png,1.2972597618394734
PAT_1998_4095_438_mask.png,1.4305247573759101
PAT_145_216_924_mask.png,1.4461928830972464
PAT_1432_1497_328_mask.png,1.224168651116534
PAT_430_848_476_mask.png,1.2816827702807958
PAT_149_221_679_mask.png,8.388269758851647
PAT_2062_4397_39_mask.png,4.809510592058416
PAT_93_361_231_mask.png,4.114080599945025
PAT_1418_1447_360_mask.png,1.2683044789258715
PAT_1401_1374_593_mask.png,1.2114502168787726
PAT_1330_1172_722_mask.png,1.2064348918086842
PAT_1277_964_152_mask.png,1.3337416962928799
PAT_802_1516_510_mask.png,1.62111703174178
PAT_707_1327_245_mask.png,1.1504662359148214
PAT_1715_3184_989_mask.png,1.2608060610862448
PAT_185_285_862_mask.png,1.3556713806343905
PAT_228_348_2_mask.png,1.2698647142177264
PAT_230_351_720_mask.png,1.2428126261825099
PAT_867_1650_825_mask.png,1.5457073532450962
PAT_366_752_782_mask.png,1.1944363613125977
PAT_223_1067_569_mask.png,1.8755501198029707
PAT_1509_1741_810_mask.png,1.483000506530712
PAT_645_1300_463_mask.png,1.1513244788527077
PAT_906_1722_328_mask.png,1.2195890015891475
PAT_112_171_863_mask.png,1.2149691254070625
PAT_1783_3414_120_mask.png,1.3833911493792852
PAT_386_1554_455_mask.png,1.2798928014489535
PAT_1061_254_813_mask.png,1.25332516849489
PAT_487_930_973_mask.png,1.3297586268513608
PAT_458_891_709_mask.png,1.199181876129383
PAT_1521_1778_763_mask.png,1.3104633597033382
PAT_413_819_268_mask.png,1.5436039911974024
PAT_1582_2574_890_mask.png,2.122883299924248
PAT_1547_1876_839_mask.png,1.1857518306363746
PAT_217_1291_419_mask.png,1.2596236068244837
PAT_2125_4653_497_mask.png,1.533345572895707
PAT_645_1222_860_mask.png,1.2037314868411502
PAT_363_746_18_mask.png,1.302739246564746
PAT_214_329_70_mask.png,1.7703275737583914
PAT_1509_1742_422_mask.png,1.2714259011176903
PAT_252_383_389_mask.png,1.5035645270466178
PAT_719_1361_234_mask.png,1.4332355619838955
PAT_1326_1156_139_mask.png,1.1689123619810275
PAT_1064_272_668_mask.png,1.2805487177648873
PAT_806_1519_527_mask.png,1.1702691709980388
PAT_320_681_724_mask.png,1.4408502723252945
PAT_577_1107_61_mask.png,1.380130007851395
PAT_747_1409_466_mask.png,1.1782968339614641
PAT_236_7_180_mask.png,1.3801901613580982
PAT_690_1309_154_mask.png,1.1479950487548276
PAT_505_951_710_mask.png,1.1647689767659424
PAT_258_8_198_mask.png,1.2371791489785005
PAT_619_1175_767_mask.png,1.1881971599979482
PAT_1374_1286_494_mask.png,1.2323799519804883
PAT_531_3079_652_mask.png,1.2409481912731832
PAT_1385_1323_100_mask.png,1.1455167834257638
PAT_830_1565_911_mask.png,1.67535425464537
PAT_1596_2664_323_mask.png,1.848712041429017
PAT_1405_1395_96_mask.png,1.1868544573554762
PAT_1215_752_707_mask.png,1.2852821558607288
PAT_145_216_158_mask.png,1.183146086916744
PAT_461_895_72_mask.png,1.3619877357442596
PAT_1397_1361_183_mask.png,2.430212353279037
PAT_778_1471_911_mask.png,1.8466660015879988
PAT_63_99_736_mask.png,1.1960666384426162
PAT_513_965_496_mask.png,1.3160675703817921
PAT_600_1141_988_mask.png,1.1299217394911054
PAT_1286_999_846_mask.png,1.2332477654137994
PAT_1217_762_198_mask.png,1.1628673149470954
PAT_108_162_526_mask.png,1.2085434448854206
PAT_1701_3136_33_mask.png,7.1442129698018775
PAT_330_698_302_mask.png,1.1430519421922425
PAT_1364_1246_143_mask.png,1.363315418309486
PAT_79_120_739_mask.png,2.0486399017329715
PAT_1769_3342_63_mask.png,1.3428143017383074
PAT_1020_111_593_mask.png,1.2078228275678
PAT_198_302_44_mask.png,1.2853083558760878
PAT_853_1642_497_mask.png,1.5559420062976104
PAT_677_1350_358_mask.png,1.1824932233151428
PAT_1861_3648_959_mask.png,1.1974214895981508
PAT_985_1856_397_mask.png,1.6017303423462923
PAT_704_1324_359_mask.png,1.2372623207577356
PAT_154_237_2_mask.png,1.2562551272811775
PAT_488_931_321_mask.png,1.9873788287043426
PAT_666_1271_645_mask.png,1.237128810167515
PAT_401_4594_970_mask.png,1.1832837371478229
PAT_1549_1882_230_mask.png,1.173737087974432
PAT_1257_887_828_mask.png,1.4323426294485948
PAT_526_991_109_mask.png,1.207646359773091
PAT_1243_836_47_mask.png,1.1903443373652904
PAT_1811_3487_560_mask.png,1.3770108669794263
PAT_1477_1660_226_mask.png,1.1977909356002794
PAT_279_1393_118_mask.png,1.207835628595953
PAT_1928_3876_437_mask.png,1.4357535240426627
PAT_595_1142_142_mask.png,1.5598263611729482
PAT_260_35_396_mask.png,1.2021495183441329
PAT_333_702_840_mask.png,1.8021253918338511
PAT_1402_1376_160_mask.png,2.2896002801810122
PAT_933_1766_191_mask.png,1.2504190491429017
PAT_227_347_19_mask.png,1.1640639510623076
PAT_404_805_575_mask.png,7.067872381167674
PAT_191_293_391_mask.png,1.7466887263655466
PAT_978_1844_599_mask.png,3.104074960146273
PAT_188_289_859_mask.png,1.4905428942812522
PAT_14_22_850_mask.png,1.4420665580797796
PAT_1042_187_746_mask.png,1.6693472836535497
PAT_1545_1867_547_mask.png,1.6073453968927942
PAT_680_1289_182_mask.png,1.5062295833667825
PAT_393_793_852_mask.png,1.152293724765094
PAT_574_1081_628_mask.png,1.3865251997239603
PAT_270_417_257_mask.png,1.929248603328696
PAT_1181_659_231_mask.png,1.6386521845975006
PAT_787_1482_328_mask.png,1.380882476152818
PAT_145_216_110_mask.png,5.480205230688864
PAT_726_1371_397_mask.png,1.130810776229522
PAT_627_1188_755_mask.png,1.200813217860783
PAT_761_1435_561_mask.png,1.4471769452509036
PAT_948_1801_721_mask.png,1.2442211610499203
PAT_272_419_906_mask.png,1.3012894969673572
PAT_155_240_211_mask.png,1.7039968701169332
PAT_45_65_551_mask.png,1.36481989433363
PAT_1393_1355_270_mask.png,1.152616087717473
PAT_961_1818_992_mask.png,1.4444870016731735
PAT_657_1247_455_mask.png,1.1890837615056604
PAT_872_1709_526_mask.png,1.6152398948014839
PAT_682_1292_986_mask.png,1.1391347099585543
PAT_1651_2914_833_mask.png,11.05777693281043
PAT_1070_304_845_mask.png,12.803097276710078
PAT_78_118_685_mask.png,6.538781675645338
PAT_407_810_390_mask.png,1.1705444732048613
PAT_710_1330_243_mask.png,1.15050138040361
PAT_71_145_971_mask.png,10.124282306436651
PAT_975_4734_783_mask.png,1.6454583843553174
PAT_837_1582_714_mask.png,1.27133285870007
PAT_333_1469_499_mask.png,1.2074053157512077
PAT_361_1567_487_mask.png,1.5655750968099837
PAT_26_37_865_mask.png,1.2107214255917018
PAT_834_1574_397_mask.png,1.9529949322046152
PAT_1698_3122_83_mask.png,1.3627519936729455
PAT_1158_570_376_mask.png,1.32025380920707
PAT_1486_1684_182_mask.png,1.4472023694338103
PAT_1439_1522_211_mask.png,1.167627320144961
PAT_645_1500_364_mask.png,1.178869145315687
PAT_629_1192_362_mask.png,1.3055206188789452
PAT_378_769_36_mask.png,1.4094102695446407
PAT_356_735_568_mask.png,1.7770035062557668
PAT_1573_2497_736_mask.png,1.3308581711261822
PAT_1709_3159_144_mask.png,1.1891587918789779
PAT_1680_3038_587_mask.png,1.175247902431977
PAT_367_753_130_mask.png,1.9418385221146566
PAT_1278_967_599_mask.png,1.1463847004461065
PAT_1945_3923_428_mask.png,1.2058464421978055
PAT_983_1853_985_mask.png,1.325638668156951
PAT_717_1347_899_mask.png,1.3059919086921217
PAT_368_1652_525_mask.png,1.422928431679562
PAT_940_1775_513_mask.png,1.9068915931978356
PAT_337_706_254_mask.png,1.3293975435815684
PAT_38_1003_226_mask.png,1.3770670499688826
PAT_1764_3335_803_mask.png,1.1460555784607138
PAT_862_1643_386_mask.png,1.324794990926476
PAT_944_1795_371_mask.png,1.2793175288485896
PAT_264_1368_868_mask.png,1.285636586766792
PAT_1688_3066_491_mask.png,1.3665683936967832
PAT_257_396_494_mask.png,1.2561402723162487
PAT_45_66_822_mask.png,2.4041231888745482
PAT_722_1377_120_mask.png,1.3216924303271722
PAT_877_1667_667_mask.png,1.2971440773935203
PAT_1753_3305_385_mask.png,1.1628716630467375
PAT_868_1657_698_mask.png,1.3067425635921814
PAT_741_1401_619_mask.png,1.3042247672793437
PAT_1404_1393_369_mask.png,1.1307233840835544
PAT_380_1540_959_mask.png,1.1902410656902722
PAT_82_125_525_mask.png,1.254386258135522
PAT_1273_952_89_mask.png,1.2720083634899275
PAT_826_1615_908_mask.png,4.125545607780318
PAT_314_672_909_mask.png,1.1481157350113098
PAT_715_4073_115_mask.png,2.878510041057199
PAT_483_925_716_mask.png,1.8907748383192085
PAT_695_1314_822_mask.png,1.1794229183930365
PAT_302_650_477_mask.png,3.1088846627563025
PAT_1431_1495_511_mask.png,3.1957879294778855
PAT_75_113_647_mask.png,6.35489114504455
PAT_68_105_871_mask.png,1.1734494328121174
PAT_244_374_726_mask.png,1.3703807462126978
PAT_1547_4232_115_mask.png,1.1566936924966236
PAT_220_338_339_mask.png,1.4676035460125496
PAT_223_33_246_mask.png,6.137591225579254
PAT_1418_1447_334_mask.png,1.1533131231736324
PAT_796_1509_459_mask.png,1.1578281521384635
PAT_372_760_355_mask.png,2.8636120484812917
PAT_210_316_401_mask.png,1.7206797945352565
PAT_267_1258_693_mask.png,1.1623928402076769
PAT_945_1796_583_mask.png,1.2746527410019697
PAT_818_1539_859_mask.png,1.4304215525448636
PAT_931_1762_69_mask.png,1.5379642680903343
PAT_901_1716_497_mask.png,1.7848476803141238
PAT_1902_3790_168_mask.png,1.9109864202637827
PAT_527_1359_165_mask.png,1.3177193212466334
PAT_1373_1283_85_mask.png,1.2729889704672936
PAT_698_1150_510_mask.png,1.3176671788800325
PAT_801_1518_574_mask.png,1.961717569420272
PAT_1903_3791_14_mask.png,1.1891085175977432
PAT_757_4220_942_mask.png,4.50897027533082
PAT_1102_408_613_mask.png,1.1802680016689233
PAT_287_440_729_mask.png,1.6115722687086564
PAT_118_180_386_mask.png,1.4608026247548118
PAT_499_945_878_mask.png,1.3782709702034959
PAT_50_76_728_mask.png,1.7974881618886744
PAT_215_330_224_mask.png,1.5859996542350956
PAT_267_412_275_mask.png,1.7041386869438926
PAT_1554_2393_541_mask.png,1.2061788559189193
PAT_1720_3208_130_mask.png,1.4648236035968316
PAT_683_1296_237_mask.png,1.1732130222614683
PAT_846_1607_895_mask.png,1.4963596501817118
PAT_903_1720_647_mask.png,1.2369630604575113
PAT_781_1474_517_mask.png,8.436240794915063
PAT_522_3174_761_mask.png,3.0223665840451024
PAT_46_880_140_mask.png,1.2943873903463483
PAT_464_900_548_mask.png,1.1630419691705927
PAT_650_1241_329_mask.png,1.2446069406473277
PAT_1124_489_151_mask.png,1.3765220380772778
PAT_782_1493_140_mask.png,1.8756897016769831
PAT_672_1272_705_mask.png,1.197116407038922
PAT_2099_4562_100_mask.png,1.2342858379607675
PAT_530_999_696_mask.png,1.2136195221719788
PAT_229_349_141_mask.png,1.2009530440083833
PAT_1051_220_356_mask.png,1.1893850462139564
PAT_184_284_721_mask.png,1.1295580474906735
PAT_1790_3425_942_mask.png,1.2475740970508187
PAT_467_904_535_mask.png,1.409504864651082
PAT_337_1697_721_mask.png,1.1679761005728406
PAT_165_256_460_mask.png,1.4265456410271113
PAT_1735_3241_207_mask.png,1.2167164614184938
PAT_1581_2570_738_mask.png,1.3752147682138398
PAT_514_968_269_mask.png,1.4943582508260422
PAT_20_29_850_mask.png,1.7209855468574613
PAT_1653_2916_994_mask.png,1.3441654334496649
PAT_720_1362_700_mask.png,1.2001208192591701
PAT_192_296_824_mask.png,1.1435844400659119
PAT_1531_1800_683_mask.png,1.1587500696105724
PAT_56_86_802_mask.png,1.7900842921377467
PAT_35_48_43_mask.png,1.242361712502331
PAT_402_803_739_mask.png,2.032721368046953
PAT_919_1744_451_mask.png,1.149348459422841
PAT_1094_381_85_mask.png,1.3012647926685572
PAT_484_26_624_mask.png,8.228196759939491
PAT_815_1534_411_mask.png,1.2693183577716203
PAT_1370_1274_515_mask.png,1.161918694147113
PAT_809_1527_202_mask.png,1.2211065620541315
PAT_1006_53_716_mask.png,1.1613849880176914
PAT_612_1163_833_mask.png,1.9949483843084377
PAT_2017_4164_500_mask.png,1.3473407330013472
PAT_270_416_398_mask.png,1.255388309179237
PAT_678_1298_396_mask.png,1.4670410452998102
PAT_1414_1426_124_mask.png,1.4257699778158548
PAT_432_851_386_mask.png,1.2044782364651134
PAT_540_1016_644_mask.png,1.2304453693590922
PAT_771_1491_390_mask.png,1.2236824595658085
PAT_1600_2685_164_mask.png,1.2553581899848327
PAT_112_168_360_mask.png,1.5959035525705907
PAT_564_1079_31_mask.png,1.299041230771851
PAT_2124_4650_575_mask.png,1.1525946810531433
PAT_903_1719_943_mask.png,1.2684525390297507
PAT_90_139_57_mask.png,1.2906402816918843
PAT_1822_3576_145_mask.png,1.2660355096359541
PAT_891_1701_36_mask.png,1.363407849140442
PAT_645_4043_374_mask.png,2.266252786723448
PAT_547_1033_911_mask.png,1.136696575518095
PAT_683_1297_195_mask.png,5.6424706903086514
PAT_460_894_429_mask.png,1.159901100934135
PAT_962_1823_942_mask.png,1.3999038912722697
PAT_864_1645_626_mask.png,1.4313700278019184
PAT_934_1778_140_mask.png,1.279220454026117
PAT_726_1371_543_mask.png,1.173933368082612
PAT_875_1670_121_mask.png,1.141826374077997
PAT_1259_892_793_mask.png,1.429138215065549
PAT_2034_4269_670_mask.png,2.2446807144953875
PAT_93_142_269_mask.png,1.1221348615547129
PAT_935_1781_920_mask.png,8.236629691281362
PAT_1636_2869_739_mask.png,1.276217624498938
PAT_1926_3871_371_mask.png,2.955108399108028
PAT_491_934_46_mask.png,1.1358902090090792
PAT_927_1759_749_mask.png,1.1768290788132312
PAT_1718_3202_152_mask.png,1.3960712925286693
PAT_423_839_717_mask.png,1.5413711542922757
PAT_1940_3901_900_mask.png,1.1534398147625555
PAT_551_1047_567_mask_png.png,1.2366523628006176
PAT_1374_1286_939_mask.png,2.5482044219279656
PAT_1591_2648_855_mask.png,1.4256985816871452
PAT_943_1793_787_mask.png,1.6159411006442517
PAT_265_406_276_mask.png,1.1505658959142957
PAT_492_937_43_mask.png,1.1730390969850288
PAT_243_372_119_mask.png,1.2211091886245917
PAT_514_969_995_mask.png,1.188461329613808
PAT_230_350_872_mask.png,1.5110190801049468
PAT_1689_3077_411_mask.png,1.3721260624203422
PAT_567_1077_64_mask.png,1.341321135960892
PAT_1130_501_181_mask.png,1.5962699586733446
PAT_567_1078_978_mask.png,1.2339605483183094
PAT_309_662_76_mask.png,1.9871892879239927
PAT_924_1757_704_mask.png,1.583714082516174
PAT_1407_1402_734_mask.png,1.2625980896755842
PAT_944_1795_666_mask.png,1.6311497650124425
